conceptUri,preferredLabel,description
http://data.europa.eu/esco/skill/000f1d3d-220f-4789-9c0a-cc742521fb02,Haskell,"The techniques and principles of software development, such as analysis, algorithms, coding, testing and compiling of programming paradigms in Haskell."
http://data.europa.eu/esco/skill/0058526a-11e9-40a1-ab33-7c5ffdf5da05,conduct research on flora,"Collect and analyse data about plants in order to discover their basic aspects such as origin, anatomy, and function."
http://data.europa.eu/esco/skill/008fa98b-dba6-4abf-909e-04299728e3eb,influence public policies,Communicate with policymakers and provide them with data to convince them to change legislation or allocate funds to a specific cause.
http://data.europa.eu/esco/skill/00c04e40-35ea-4ed1-824c-82f936c8f876,incremental development,The incremental development model is a methodology to design software systems and applications.
http://data.europa.eu/esco/skill/00fc7575-0cee-4b12-ade5-795cb2a4479a,manage time in landscaping,"Plan and implement work schedules to fit in landscaping activities, which include the briefing phase where the landscape project is discussed with a client after which follow a series of sketches, plans and designs."
http://data.europa.eu/esco/skill/0121ac3b-775b-4faf-b86d-0078623674bc,develop terminology databases,Collect and submit terms after verifying their legitimacy in order to build up terminology databases on an array of domains.
http://data.europa.eu/esco/skill/013441c1-1f13-47e9-80c4-9a53e8e1bc05,KDevelop,"The computer program KDevelop is a suite of software development tools for writing programs, such as compiler, debugger, code editor, code highlights, packaged in a unified user interface. It is developed by the software community KDE."
http://data.europa.eu/esco/skill/01a6e6ae-32d5-440a-bdb3-c9ed8a1f57c0,human dynamics as part of hospitality security,The characteristics of human behaviour and human interaction and dynamics to ensure their security in hospitality establishment.
http://data.europa.eu/esco/skill/02058de6-4b98-449f-8a45-8588b0eb2446,network engineering,"The subfield of computer technology that concerns the managing the connectivity of networks through data, voice, calls and wireless network services."
http://data.europa.eu/esco/skill/020918ef-4b55-47c1-8430-ab7b8f6a7377,migrate existing data,"Apply migration and conversion methods for existing data, in order to transfer or convert data between formats, storage or computer systems."
http://data.europa.eu/esco/skill/022dc430-872a-473a-9cf4-fed4895e58ad,define database physical structure,"Specify the physical configuration of database files on a given media. This consists of in-detail specifications of indexing options, data types and data elements placed in the data dictionary."
http://data.europa.eu/esco/skill/024037ca-96a9-4cb8-ba86-2cd5a209c90a,Maltego,"The platform Maltego is a forensic application that uses data mining to deliver on overview of organisations' environment, testing security weaknesses of the system for potentially unauthorised access and demonstrates the complexity of infrastructure failures."
http://data.europa.eu/esco/skill/026db24f-6972-460b-a784-d34afaf8d498,inspect paint quality,"Inspect paint to ensure it is of a good quality by testing the viscosity, homogeneity and other factors."
http://data.europa.eu/esco/skill/027f47ba-2435-47dc-9fd3-5f05c6a52e93,styles of boxes,Different styles of boxes in Europe. These are defined by a 4-digit code and specified by the European Federation of Corrugated Board Manufacturers (FEFCO). The styles are more an example of complicated and special box designs.
http://data.europa.eu/esco/skill/0302f93a-0d38-4c00-bc37-eda17b6316ea,biosecurity related to animals,"Awareness of hygiene and bio-security measures when working with animals, including causes, transmission and prevention of diseases and use of policies, materials and equipment."
http://data.europa.eu/esco/skill/034c29fa-c3ba-45ea-b8f3-bf8e3705e386,Erlang,"The techniques and principles of software development, such as analysis, algorithms, coding, testing and compiling of programming paradigms in Erlang."
http://data.europa.eu/esco/skill/03a74eee-2dc6-4147-8667-5cdeb65f122d,manage ICT data classification,Oversee the classification system an organisation uses to organise its data. Assign an owner to each data concept or bulk of concepts and determine the value of each item of data.
http://data.europa.eu/esco/skill/03ff0d53-573a-47a0-a0ad-1995815a4339,information structure,"The type of infrastructure which defines the format of data: semi-structured, unstructured and structured."
http://data.europa.eu/esco/skill/04473991-161d-46db-8684-0d5ed6cb6c66,manage temporary ICT networks for live performance,"Manage the set-up of networks for distribution of control signals for performing art and event applications. Coordinates with the different users. Defines and sets-up the equipment, cables, connections and devices. Configures, tests and monitors equipment and performance of the network. Control signals include for example DMX, RDM, MIDI, Timecode, tracking and positioning data, but also audio, video and positioning signals."
http://data.europa.eu/esco/skill/0450f6a4-495e-4484-b11f-84e8c12ac5f9,design beer recipes,"Be creative in composing, testing and producing new beer recipes according to specifications and existing recipes."
http://data.europa.eu/esco/skill/049c8caf-dd12-45fc-9bfa-b64051f32a19,respond to changing situations in health care,Cope with pressure and respond appropriately and in time to unexpected and rapidly changing situations in healthcare.
http://data.europa.eu/esco/skill/04cf164c-d07d-49cf-a1b3-84bdbd79b5cb,set up office equipment,"Connect office equipment, such as modems, scanners and printers, to the electricity network and perform electrical bonding to avoid dangerous potential differences. Test the installation for proper functioning. Monitor settings and prepare the appliance for usage."
http://data.europa.eu/esco/skill/04f1b938-d4d4-4cb1-a863-982af76b9d93,SAS language,"The techniques and principles of software development, such as analysis, algorithms, coding, testing and compiling of programming paradigms in SAS language."
http://data.europa.eu/esco/skill/05010f6c-0b40-4525-ac4a-057d46a2b6f4,design electrical systems,"Draft sketches and design electrical systems, products, and components using Computer Aided Design (CAD) software and equipment. Draw panel arrangement layouts, electrical schematics, electrical wiring diagrams, and other assembly details."
http://data.europa.eu/esco/skill/0520d8ba-3c24-4f75-a8b0-f883ddeed82d,audit contractors,"Examine and document different industry contractors, in order to determine whether they comply with regulations and standards in relation to safety, environment and quality of design, construction and testing, etc."
http://data.europa.eu/esco/skill/054f26ab-cfdc-4077-883c-1c4c9e9b310a,define firewall rules,Specify rules to govern a set of components aiming to limit access between groups of networks or a particular network and the internet.
http://data.europa.eu/esco/skill/05580192-9610-4bbf-9dd7-f09fe4cae28a,carry out quality control in microbiology laboratories,"Perform quality assurance testing of media, reagents, laboratory instrumentation and other materials used in microbiology laboratory."
http://data.europa.eu/esco/skill/05a7f9e0-1ebd-4853-890b-c78f37096d51,provide humanitarian aid,"Provide first-hand aid in dangerous or critical areas to the civilian population, such as handing out food and water, medical resources, setting up aid facilities, evacuation procedures, and ensuring the area's security."
http://data.europa.eu/esco/skill/05b70efb-6b80-4f04-9a25-67cd317daf37,CryEngine,"The game engine CryEngine which is a software framework that consists of integrated development environments and specialised design tools, designed for the rapid iteration of user-derived computer games."
http://data.europa.eu/esco/skill/05bd9f18-370a-4a88-98c7-473cffb7b2ca,produce materials for decision making,"Compile relevant data, write reports and occasionally prepare presentations to communicate information that will help the business management team to take decisions."
http://data.europa.eu/esco/skill/05c1cd3e-ab52-4017-af59-7ce74cd23e82,inspect airfield facilities,"Direct and participate in the inspection of airfield facilities, including grounds, runways, fencing, taxiways, aircraft aprons, gate assignments, and service roadways, to assure safety, security, and efficiency of operations and expeditious flow of aircraft in compliance with Federal Aviation Administration (FAA) and European Aviation Safety Agency (EASA) regulations."
http://data.europa.eu/esco/skill/062320e5-79d1-45e8-8b7e-5deeb53279a2,perform online data analysis,"Analyse online experiences and online data for purposes of understanding user behaviour, triggers of online attention, and other factors that could optimise webpage development and exposure."
http://data.europa.eu/esco/skill/06358891-8424-43c5-891e-d40f226bef40,manage IT security compliances,"Guide application and fulfilment of relevant industry standards, best practices and legal requirements for information security."
http://data.europa.eu/esco/skill/065ec709-e0f4-407f-91fe-9feab66942be,design sprinkler systems,"Design sprinkler systems. Take into account issues of water conservation, existing and proposed landscaping features, and time sequencing of existing systems."
http://data.europa.eu/esco/skill/06670261-ea6b-4b52-a915-c7d4ff837f74,identify statistical patterns,Analyse statistical data in order to find patterns and trends in the data or between variables.
http://data.europa.eu/esco/skill/06f33d6a-f7a7-4a2b-baa5-8c3c53bd1a9c,keywords in digital content,The digital tools to conduct keyword research. The information retrieval systems identify the content of a document guided by keywords and metadata.
http://data.europa.eu/esco/skill/071233c4-ad2b-4f50-b79f-768d2231163e,domain name service,Naming database which maps internet domain names to Internet Protocol (IP) addresses. The Domain Name System allows internet users to utilise names such as website titles instead of remembering numeric IP addresses used by computers to locate a concrete website.
http://data.europa.eu/esco/skill/071a4197-06b3-4226-b9a1-efd15913280a,model medical devices,Model and simulate medical devices using technical design software.
http://data.europa.eu/esco/skill/0764b28d-04ee-4e80-bf58-b737f02a63e0,captioning software,"The various software to create captions and subtitles in a file that is merged with the actual footage, such as Telestream and MovieCaptioners."
http://data.europa.eu/esco/skill/07889c08-7220-47c8-96f7-6068fbea00dc,normalise data,"Reduce data to their accurate core form (normal forms) in order to achieve such results as minimisation of dependency, elimination of redundancy, increase of consistency."
http://data.europa.eu/esco/skill/07e47d58-dd0e-4302-9e68-70a188e89065,apply system organisational policies,"Implement internal policies related to the development, internal and external usage of technological systems, such as software systems, network systems and telecommunications systems, in order to achieve a set of goals and targets regarding the efficient operations and growth of an organisation."
http://data.europa.eu/esco/skill/07ebc888-0f3f-46e7-99d2-a7c7ebd7ffe3,property management software,"The features and functioning of a software that enables the management of daily operations in real estate and accommodation businesses, to optimise resources and processes such as booking reservations, room rates, revenue data analytics or billing."
http://data.europa.eu/esco/skill/07ec6866-d283-46a6-991c-e8ce0c6fc159,interpret scientific data to assess water quality,Analyse and interpret data like biological properties to know the quality of water.
http://data.europa.eu/esco/skill/0868eef3-2213-4572-9343-74931345a7d3,administer ICT system,"Handle components of ICT system by maintaining configuration, managing users, monitoring resource use, performing backups and installing hardware or software to comply with the set requirements."
http://data.europa.eu/esco/skill/08a3dcea-12de-447b-a3a5-aa657abc5e97,execute social engineering tests,"Perform simulated social engineering attacks to identify vulnerabilities in an organization's security posture. Social engineering tests may involve phishing emails, pretexting, or other forms of manipulation used by attackers to obtain sensitive information or unauthorized access to systems."
http://data.europa.eu/esco/skill/08b04e53-ed25-41a2-9f90-0b9cd939ba3d,manage research data,Produce and analyse scientific data originating from qualitative and quantitative research methods. Store and maintain the data in research databases. Support the re-use of scientific data and be familiar with open data management principles.
http://data.europa.eu/esco/skill/08ee68b2-0a6d-4bdf-a870-a36c0dc8064e,produce statistical financial records,Review and analyse individual and company financial data in order to produce statistical reports or records.
http://data.europa.eu/esco/skill/09638218-695c-44c7-bac3-26b45a2ae418,conduct patch testing,"Apply patch testing in order to determine allergic causes of dermatitis or eczema, or other skin conditions."
http://data.europa.eu/esco/skill/097c6a36-f031-4d3e-b5c1-62d6ffcb430b,respect data protection principles,Ensure that access to personal or institutional data conforms to the legal and ethical framework governing such access.
http://data.europa.eu/esco/skill/09cf2c34-6f93-4a19-a9f1-c0d866414bcc,Cain and Abel (penetration testing tool),"The software tool Cain and Abel is a password recovery tool which tests the Microsoft Operating System for security weaknesses and potentially unauthorised access to system information. The tool decodes, decrypts and uncovers passwords by means such as brute-force and cryptanalysis attacks, network sniffing and protocols analysis."
http://data.europa.eu/esco/skill/09f07c6a-866b-4587-a771-45b0cd613540,execute advertising for vehicles,Contribute to vehicle promotion using various media e.g. websites or newspapers.
http://data.europa.eu/esco/skill/09f2f811-a3fb-4de3-a70f-6420a6935575,systems development life-cycle,"The sequence of steps, such as planning, creating, testing and deploying and the models for the development and life-cycle management of a system."
http://data.europa.eu/esco/skill/09f4c52b-ac72-4f0e-a8ae-78bb1d7bffba,transportation software related to an ERP system,"Business management software to collect, manage and interpret data related to shipping, payment, inventory, manufacturing applied in transportation and distribution."
http://data.europa.eu/esco/skill/0a0532c2-ee60-4410-8e07-70e4d69370ec,operate automated process control,Operate process control or automation system (PAS) used to control a production process automatically.
http://data.europa.eu/esco/skill/0a1e6554-1c6b-42c6-970b-8d9a307cdb5e,write Javanese,Compose written texts in Javanese.
http://data.europa.eu/esco/skill/0a30e5a8-60a8-4fda-9f89-8e9cee38da5a,use interface description language,Utilise specification language for describing interface connection among software components or programs in a programming-language-independent way. The languages which support this method are among others CORBA and WSDL.
http://data.europa.eu/esco/skill/0a52bed5-fd29-45fb-aba6-e32bccfda1c1,plan migration to cloud,"Select existing workloads and processes for potential migration to the cloud and choose migration tools. Determine a new cloud architecture for an existing solution, plan a strategy for migrating existing workloads to the cloud."
http://data.europa.eu/esco/skill/0a74ff59-62a8-4942-9063-10fea819e19a,monitor security procedures in warehouse operations,Supervise and enforce procedures for security purposes in warehouse operations.
http://data.europa.eu/esco/skill/0a9acb6b-1139-4be9-b431-3a80a959f2f4,Agile project management,"The agile project management approach is a methodology for planning, managing and overseeing of ICT resources in order to meet specific goals and using project management ICT tools."
http://data.europa.eu/esco/skill/0ab03c6c-281b-48f4-83e0-10eeb27a1bae,network management system tools,"The software or hardware tools which enable monitoring, analysis and supervision of individual network components or network parts within a larger network system."
http://data.europa.eu/esco/skill/0af529ff-a95d-419b-ab2a-335f6894a966,maintain logistics databases,Maintain databases accessible to users in the logistics and storage sub-sector.
http://data.europa.eu/esco/skill/0b4f100c-813d-4eec-8aa5-4227bb98c635,ship related legislative requirements,"Conventions of the International Maritime Organization (IMO) concerning safety of life at sea, security and protection of the marine environment."
http://data.europa.eu/esco/skill/0b8f2fb9-59b0-43f7-8ad1-6cb952386255,conduct safe aircraft marshalling,"Conduct safe marshalling of aircraft, adhere to apron markings and ensure accurate completion of associated paperwork or database entries."
http://data.europa.eu/esco/skill/0b917c3e-e49f-40d9-8f95-3bc8e9c06fd2,perform laboratory tests,Carry out tests in a laboratory to produce reliable and precise data to support scientific research and product testing.
http://data.europa.eu/esco/skill/0bf01698-0eaa-4892-ad67-7bcfea0bef92,observe patient throughout dental treatment,"Monitor patient's behavior during the provided dental treatment, so as to react rapidly in cases of negative reactions, under the supervision of the dental practitioner."
http://data.europa.eu/esco/skill/0c0a8629-97b7-412f-ad91-be97d80205af,perform pre-assembly quality checks,"Inspect product parts for faults or damages, using testing equipment if necessary, and check that the received lot is complete before assembling the finished products."
http://data.europa.eu/esco/skill/0c1bbbd7-7827-4594-9254-a4b91cb8163f,conduct financial surveys,"Conduct the procedures of a financial survey from the initial formulation and compilation of the questions, identifying the target audience, managing the survey method and operations, managing the processing of acquired data, to analysing the results."
http://data.europa.eu/esco/skill/0c521914-1ba6-4f92-8fce-b6b97f3f8edb,develop calibration procedures,Develop test procedures for instrument performance testing.
http://data.europa.eu/esco/skill/0c52f41b-4e95-4a3c-9d47-0c71e61cf82a,analyse transmitted communications,"Monitor and analyse data, waveforms, measurements, images or transmitted communications and emissions and identify electrical anomalies."
http://data.europa.eu/esco/skill/0c627853-241e-405b-9044-aaff6bca133e,install power lines,"Install cables and networks for electricity distribution on the street, in the fields and in buildings, and put them into operation."
http://data.europa.eu/esco/skill/0c66036a-3bdd-4955-8343-985f4697af64,manage donor database,Create and constantly update the database containing personal details and status of donors.
http://data.europa.eu/esco/skill/0c671e20-7a3b-442a-977a-3a085baaf338,identify emerging issues in humanitarian area,"Recognize arising problems and trends in a proactive way on a national, regional or international level in order to respond rapidly."
http://data.europa.eu/esco/skill/0c766ca3-9364-4203-916b-fed16e4814c1,gather data for forensic purposes,"Collect protected, fragmented or corrupted data and other online communication. Document and present findings from this process."
http://data.europa.eu/esco/skill/0c77bcd5-b94a-475d-98e9-5a4327e4d726,statistical process control,Method of quality control that uses statistics to monitor processes.
http://data.europa.eu/esco/skill/0c8c1e58-1c48-4efc-9359-9a28f803c52d,undertake clinical audit,"Undertake internal clinical audit through the collection of statistical, financial and other data related to service delivery."
http://data.europa.eu/esco/skill/0c9f20cb-32fb-4ff7-877e-508762791151,RAGE (digital game creation systems),"The software framework that consists of integrated development environments and specialised design tools, designed for the rapid iteration of user-derived computer games."
http://data.europa.eu/esco/skill/0ccdfe98-f845-4598-84a1-3dca66e9d9a3,Ruby (computer programming),"The techniques and principles of software development, such as analysis, algorithms, coding, testing and compiling of programming paradigms in Ruby."
http://data.europa.eu/esco/skill/0cd6dcf1-5778-42a5-b685-4d01ae4a4871,Common Lisp,"The techniques and principles of software development, such as analysis, algorithms, coding, testing and compiling of programming paradigms in Common Lisp."
http://data.europa.eu/esco/skill/0cd8d49e-fcb2-4095-a946-1179516e4a0b,develop communication networks with shipping sites,Establish relationships with shipping sites to facilitate the delivery of goods.
http://data.europa.eu/esco/skill/0ce96a86-7a28-4c44-9e59-591375310894,collect weather-related data,"Gather data from satellites, radars, remote sensors, and weather stations in order to obtain information about weather conditions and phenomena."
http://data.europa.eu/esco/skill/0ced619a-0f59-4802-88ea-e97bf1b57f95,optimise fleet usability,"Optimise fleet utilisation, visibility, efficiency and profitability through the use of special ship management software."
http://data.europa.eu/esco/skill/0d168770-4d9c-4096-b048-a6577818d306,Apache Maven,"The tool Apache Maven is a software program to perform configuration identification, control, status accounting and audit of software during its development and maintenance."
http://data.europa.eu/esco/skill/0d6714c6-720e-4985-9791-5ab85d28da79,gather data,Extract exportable data from multiple sources.
http://data.europa.eu/esco/skill/0d6ad185-dc2c-46e7-b7f7-a01681c9fddb,inspect semiconductor components,"Inspect the quality of used materials, check the purity and molecular orientation of the semiconductor crystals, and test the wafers for surface defects using electronic testing equipment, microscopes, chemicals, X-rays, and precision measuring instruments."
http://data.europa.eu/esco/skill/0da6cab1-0ee9-4391-a299-f71fbf21db56,ICT network routing,The processes and techniques for choosing the best paths within an ICT network through which a packet can travel.
http://data.europa.eu/esco/skill/0de61385-de6d-4146-ba32-1cc1bc102220,Lisp,"The techniques and principles of software development, such as analysis, algorithms, coding, testing and compiling of programming paradigms in Lisp."
http://data.europa.eu/esco/skill/0de6bca4-f3aa-452a-8e10-d355b2c1bfc4,develop electronic test procedures,"Develop testing protocols to enable a variety of analyses of electronic systems, products, and components."
http://data.europa.eu/esco/skill/0df2e216-68ae-4952-b9dc-3c2f2bc04fe3,maintain freelance database,Maintain a freelance database that offers extra support to your teams and is able to calculate negotiating costs.
http://data.europa.eu/esco/skill/0e44ceb3-9dd4-4ec4-b1d7-a0e83ddba7d4,automotive engineering,"The discipline of engineering that combines mechanical, electrical, electronic, software and safety engineering to design motor vehicles such as trucks, vans and automobiles."
http://data.europa.eu/esco/skill/0e503b48-5491-4529-879e-b112251f8d50,manage event structure installation,"Plan and monitor the assembly of structures such as stages, connection to the electricity network, lighting and projection equipment. Make sure the employees work according to customer's requirements and safety regulations."
http://data.europa.eu/esco/skill/0e5affa0-705e-4b19-94e8-19e902e0287d,analyse decentralised applications,"Analyse decentralized applications for their specific performance requirements in terms of key functions and properties such as identify management, access control, data security, transparency, performance, scalability, and maintainability."
http://data.europa.eu/esco/skill/0e62eba3-d076-47e5-b22d-340a8faccb3b,assistive technology in education,"Digital devices and equipment that support learners with learning, communication or mobility challenges to access educational resources and achieve their full potential. It includes software such as text to speech and optical character recognition."
http://data.europa.eu/esco/skill/0e667579-d045-4c6a-b0f3-230a61edd014,model power electronics,"Model and simulate power electronics systems, products, and components using technical design software. Assess the viability of the product and examine the physical parameters to ensure a successful production process."
http://data.europa.eu/esco/skill/0e78d9c9-7c3c-4c5c-82cb-205c16edbcb8,green computing,"The use of ICT systems in an environmentally responsible and sustainable manner, such as the implementation of energy-efficient servers and central processing units (CPUs), reduction of resources and correct disposal of e-waste."
http://data.europa.eu/esco/skill/0e8d16c9-e2db-4862-ac06-1567f01ef806,building systems monitoring technology,"Computer-based control systems that monitor mechanical and electrical equipment in a building such as HVAC, security and lighting systems."
http://data.europa.eu/esco/skill/0e9e3a56-3b26-4fa5-91df-6d9bfbea4259,electronic test procedures,"Testing protocols that enable a variety of analyses of electronic systems, products, and components. These tests include the testing of electrical properties, such as voltage, current, resistance, capacitance, and inductance as well as the testing of specific electronic components, such as the electron tubes, semiconductors, integrated circuits, and batteries. These tests include visual inspection, performance tests, environment tests, and safety tests."
http://data.europa.eu/esco/skill/0edaab25-1b72-4531-950d-d8b9a9f4a1c8,treasury management system,The system for managing treasury processes by centralizing cash flow data linked to treasury operations. It involves managing the liquidity as well as money market instruments of an organisation.
http://data.europa.eu/esco/skill/0f00f63f-3ab4-4057-b92f-500584b51757,Informatica PowerCenter,"The computer program Informatica PowerCenter is a tool for integration of information from multiple applications, created and maintained by organisations, into one consistent and transparent data structure, developed by the software company Informatica."
http://data.europa.eu/esco/skill/0f040ee7-075c-4986-9a6c-d20f846d69d6,rail construction engineering,"Thoroughly understand the nature of rail construction engineering; understand safety requirements and related security standards and procedures, to ensure that designs optimise constructability and maintainability."
http://data.europa.eu/esco/skill/0f365cf9-4f68-4a25-affc-75de20bcdc09,conduct analysis of ship data,Collect information from a vessel's management software and cross reference it to analyse the data from different points of view and inform decision-making.
http://data.europa.eu/esco/skill/0f5374e3-0b9b-4b16-af7a-49654ce0bb15,human-robot collaboration,"Human-Robot Collaboration is the study of collaborative processes in which human and robot agents work together to achieve shared goals. Human-Robot Collaboration (HRC) is an interdisciplinary research area comprising classical robotics, human-computer interaction, artificial intelligence, design, cognitive sciences and psychology. It is related to the definition of the plans and the rules for communication to perform a task and achieve a goal in a joint action with a robot."
http://data.europa.eu/esco/skill/0f5b4a1d-33e1-4ef0-8efa-0d0aaa69d3d4,inspect clocks,"Inspect clocks and watches and their components for any defects, deterioration or damage. Check electronic timepieces with measuring and testing instruments."
http://data.europa.eu/esco/skill/0f9098d1-9bcd-453c-a9ec-e8b635705976,woodworking processes,"Steps in the processing of wood for the manufacturing of wooden articles and types of machines used for these processes such as drying, shaping, assembling and surface finishing."
http://data.europa.eu/esco/skill/0f9f8352-0488-4a1e-9171-2c5466c17f41,analyse unemployment rates,Analyse data and perform research concerning unemployment in a region or nation in order to identify causes for unemployment and possible solutions.
http://data.europa.eu/esco/skill/0fb753a1-2ef2-4429-84d2-ecb2b24daf7a,Apache Tomcat,"The open-source web server Apache Tomcat provides a Java web server environment which uses a built in container where HTTP requests are loaded, allowing the Java web applications to run on local and server based systems."
http://data.europa.eu/esco/skill/0fba68dc-6f5d-4974-b3cf-5d3215f7d363,edit negatives,Use different software products and techniques to process photographic negatives and adapt the images to the desired specifications.
http://data.europa.eu/esco/skill/0fbaceff-df05-4ef7-b735-188dc183b56b,carry out job analysis,"Research and perform studies on occupations, analyse and integrate data to identify the content of jobs, meaning the requirements to perform the activities, and deliver the information to business, industry or government officials."
http://data.europa.eu/esco/skill/0ffdb6ac-03b5-4f1c-bfcc-3d9cb874fdf9,ethical hacking principles,The set of actions that are carried out to detect vulnerabilities within a computerised system in order to improve security within an organisation. They aim to identify and address data breaches and threats in a network.
http://data.europa.eu/esco/skill/10026df1-670d-4c75-b3d5-ee0037f9d59b,lead process optimisation,Lead process optimisation using statistical data. Design experiments on the production line and functional process control models.
http://data.europa.eu/esco/skill/1019423b-3368-4f83-b24f-19e5fa23e816,software UI design patterns,The reusable solutions and formalised best practices to solve common user interface tasks in software development and design.
http://data.europa.eu/esco/skill/10c11836-683d-45db-872d-3ec8aee4d37c,manage psychotherapeutic relationships,"Establish, manage and maintain the therapeutic relationship between psychotherapist and patient and client in a safe, respectful and effective way. Establish a working alliance and self-awareness in the relationship. Make sure the patient is aware that his/her interests are a priority and manage out-of-session contact."
http://data.europa.eu/esco/skill/113bbd65-c580-4155-b2d5-9f6d068712e2,install locks,Fit a lock into a compatible door. Install the lock for optimal security.
http://data.europa.eu/esco/skill/11430d93-c835-48ed-8e70-285fa69c9ae6,design cloud architecture,"Design a multi-tier cloud architecture solution, which tolerates faults and is fit for the workload and other business needs. Identify elastic and scalable computing solutions, select high-performing and scalable storage solutions, and choose high-performing database solutions. Identify cost-effective storage, computing, and database services in the cloud."
http://data.europa.eu/esco/skill/114a5cda-0ef1-4065-a064-755260aaa77e,perform forensic examinations,"Perform forensic examinations on a scene or in a laboratory of gathered data, in a manner compliant with forensic procedures, and to analyse the data using forensic methods."
http://data.europa.eu/esco/skill/114c9698-c999-4369-8498-81bf641fe871,establish an ICT security prevention plan,"Define a comprehensive and proactive strategy for managing information and communication technology (ICT) security risks by establishing a set of measures and responsibilities to ensure the confidentiality, integrity and availability of information. Implement policies to prevent data breaches, detect and respond to unauthorised access to systems and resources, including up-to-date security applications and employee education."
http://data.europa.eu/esco/skill/117373c8-f04b-4fff-8683-aebe36edac81,hardware platforms,The characteristics of the hardware configuration required to process the applications software product.
http://data.europa.eu/esco/skill/118a9b27-1c5a-4214-b685-1a4d9e6365ea,computer forensics,The process of examining and recovering digital data from sources for legal evidence and crime investigation.
http://data.europa.eu/esco/skill/11c56452-fcec-4b00-9695-cca4728e5048,marketing analytics,The set of processes for employing data to improve the effectiveness of marketing activities. It involves analysing metrics such as the Return on Investment (ROI) for identify opportunities of improvement.
http://data.europa.eu/esco/skill/11e2378a-ccc0-45a5-993c-23eb65f9e1ce,blood donation,"The procedures related to collecting blood samples from volunteers, the screening testing against disease and the follow-up."
http://data.europa.eu/esco/skill/11eebd42-44ab-401d-8a2c-bdb9fc9beb50,information security strategy,"The plan defined by a company which sets the information security objectives and measures to mitigate risks, define control objectives, establish metrics and benchmarks while complying with legal, internal and contractual requirements."
http://data.europa.eu/esco/skill/120b9b87-3aad-4a42-b5e7-1b146a672038,record survey data,"Gather and process descriptive data by using documents such as sketches, drawings and notes."
http://data.europa.eu/esco/skill/12b7d5a1-1ad4-45dc-b0fa-b31d1eb2c79a,maintain pricing database,Maintain internal and external database to ensure that all pricing data are permanently accurate and up-to-date.
http://data.europa.eu/esco/skill/12c82224-6394-4c3c-9831-2a8198ed1274,optical character recognition software,"The software that electronically converts printed and typed images into machine-encoded text so that documents can be electronically stored, edited and digitally displayed."
http://data.europa.eu/esco/skill/135192cb-84e4-4b70-8946-fbe5041b26cd,learning needs analysis,"The process of analysing a student's learning needs through observation and testing, potentially followed by the diagnosis of a learning disorder and a plan for additional support."
http://data.europa.eu/esco/skill/1368c06f-202d-4776-8153-93aed512cc64,perform contract reporting and evaluation,Perform ex-post assessment of the deliverables and outcomes of a procurement process to assess the strengths and weaknesses and draw lessons for future calls for tender. Collecting relevant data in line with organisational and national reporting obligations.
http://data.europa.eu/esco/skill/138aecdf-1b02-4ffc-81c4-0a0461b4f3c0,conduct metallurgical structural analysis,Perform detailed analysis related to researching and testing new metal products.
http://data.europa.eu/esco/skill/13bdd41a-2a18-441f-96db-41252c519413,Visual Basic,"The techniques and principles of software development, such as analysis, algorithms, coding, testing and compiling of programming paradigms in Visual Basic."
http://data.europa.eu/esco/skill/14029d35-3831-4176-be75-da64e6024e6f,alarm systems,"Security systems in buildings and on properties automatically alarming security companies or producing acoustic or audio-visual signals when break-in, theft or damage of property is detected."
http://data.europa.eu/esco/skill/14062e1c-6540-4cb6-b343-ad419e3d10ac,blockchain components,"The study of essential blockchain components and concepts such as peer networks, smart contracts, memberships, events, ledgers, system integration, wallets, and system management."
http://data.europa.eu/esco/skill/1423df2a-8d84-4c70-874b-2762eda88694,communicate in air traffic services,Ensure the implementation of an efficient communication exchange in air traffic services (ATS) involving airport movement areas. Follow procedures within the network.
http://data.europa.eu/esco/skill/143769cb-b61e-47d8-a61e-eedfbec1016c,business intelligence,The tools used to transform large amounts of raw data into relevant and helpful business information.
http://data.europa.eu/esco/skill/144aba2f-dddd-41bc-b519-0ea6d51bcd6b,promote social security programmes,Promote government programmes dealing with the provision of aid to individuals in order to gain support for the development and implementation of social security programmes.
http://data.europa.eu/esco/skill/147170ba-0141-4337-89af-b4513d745afe,support development of annual budget,Support the development of the annual budget by producing base data as defined by the operations budget process.
http://data.europa.eu/esco/skill/14be22fb-da8d-4521-a153-9b4e0d1c2314,perform tests on airport vehicles,Test the suitability of vehicles following maintenance. Ensure that all security and manufacturer specifications have been met before releasing the vehicles to operations in airports.
http://data.europa.eu/esco/skill/14ced458-5f4b-495f-bd3d-9c240614bda0,Adobe Photoshop,The computer program Adobe Photoshop is a graphical ICT tool which enables digital editing and composition of graphics to generate both 2D raster or 2D vector graphics. It is developed by the software company Adobe.
http://data.europa.eu/esco/skill/14d1e367-3efe-4ec5-86ae-eca48710ee4e,implement ICT security policies,"Implement statements, assertions or rules that specify the appropriate use and protection of the ICT assets and systems from an organisation. These ICT security policies cover topics such as data classification, password management, access control and incident response."
http://data.europa.eu/esco/skill/14fdac88-6d4a-4e47-9df5-02c6d1e86fdd,IBM InfoSphere DataStage,"The computer program IBM InfoSphere DataStage is a tool for integration of information from multiple applications, created and maintained by organisations, into one consistent and transparent data structure, developed by the software company IBM."
http://data.europa.eu/esco/skill/1500f1a7-d348-4d9e-b0a0-5792645f6c7a,understand written Javanese,Read and comprehend written texts in Javanese.
http://data.europa.eu/esco/skill/1557b114-8222-46d5-acff-d2838909c302,provide connected car solutions,"Provide technological applications and services which enable cars to be connected to the internet for data transmission. Connected car solutions involve leveraging technologies such as GPS, sensors, or data analytics to provide connectivity and remote access services to devices."
http://data.europa.eu/esco/skill/16010de9-b33f-4766-93d3-8ea0c6458a68,follow ethical code of conduct in transport services,"Carry out transport services according to accepted principles of right and wrong. This includes principles of fairness, transparency, and impartiality."
http://data.europa.eu/esco/skill/1605025e-a179-421f-8f35-5b07d182a6b2,web analytics,"The characteristics, tools and techniques for measurement, collection, analysis and reporting of web data to get information on the users' behaviour and to improve the performance of a website."
http://data.europa.eu/esco/skill/16a3d876-e330-4648-b03f-5f8d7e18ee17,collect geological data,"Participate in the collection of geological data such as core logging, geological mapping, geochemical and geophysical surveying, digital data capture, etc."
http://data.europa.eu/esco/skill/16e995d4-4938-4424-b1e6-1e1d54f4dbc8,assign codes to product items,Assign correct product class codes and cost accounting codes to items.
http://data.europa.eu/esco/skill/172020d1-e151-445b-8173-e2a5fb16fe51,utilise computer-aided software engineering tools,"Use software tools (CASE) to support the development lifecycle, design and implementation of software and applications of high-quality that can be easily maintained."
http://data.europa.eu/esco/skill/17702c40-e963-4593-847e-a332b1c9357e,Edmodo,"The education network Edmodo is an e-learning platform for creating, administrating, arranging, reporting and delivering e-learning training and connecting teachers, students and parents."
http://data.europa.eu/esco/skill/1774bd31-8893-44cf-9498-7e3d95508419,screen reader,"Software program which converts screen elements such as text, images, or buttons, displayed in the computer into Braille or speech. Assistive technology used by visually impaired or blind people to interpret what appears on the computer screen through braille output, audio icons or speech synthesisers."
http://data.europa.eu/esco/skill/179061df-6947-421a-ba16-89389cf71e74,feed charcoal hoppers,Supply hoppers with wood or with semi processed charcoal utilising the adequate equipment and following security measures.
http://data.europa.eu/esco/skill/17c4385f-ee2d-4105-b0a1-32dded6987a2,perform laboratory testing on samples of animals,"Conduct and interprete simple procedures in a veterinary practice laboratory on samples of an animal intended to detect, identify, or quantify disease agents, evaluate organ functions, or determine the nature of a disease."
http://data.europa.eu/esco/skill/17fa2e6a-ca80-4d60-afb0-03f170e9d5f3,collect samples,"Set up and operate equipment to collect water, gas, oil or soil samples for testing."
http://data.europa.eu/esco/skill/182afdb1-ea05-49c3-9e51-2449c340c1ce,read railway circuit plans,"Read and comprehend circuit plans during initial construction, during troubleshooting, maintenance, and testing activities and while repairing or replacing components."
http://data.europa.eu/esco/skill/18532b8f-360c-4e69-94f8-50795b07277a,wine blending,Blending processes of wines considering factors that affect how wine is perceived by the taster and eliminate anything that may hinder objective testing.
http://data.europa.eu/esco/skill/1859883d-c047-4fe1-8e74-7bb4385d6ad2,apply 3D imaging techniques,"Implement a variety of techniques such as digital sculpting, curve modelling and 3D scanning to create, edit, preserve and use 3D images, such as point clouds, 3D vector graphic and 3D surface shapes."
http://data.europa.eu/esco/skill/18eeffee-2879-42e0-b5fe-5739c6883a01,develop data link services for navigation purposes,Develop and implement data link services and satellite technologies for air-ground communication operations.
http://data.europa.eu/esco/skill/1973c966-f236-40c9-b2d4-5d71a89019be,use spreadsheets software,"Use software tools to create and edit tabular data to carry out mathematical calculations, organise data and information, create diagrams based on data and to retrieve them."
http://data.europa.eu/esco/skill/19a8293b-8e95-4de3-983f-77484079c389,Java (computer programming),"The techniques and principles of software development, such as analysis, algorithms, coding, testing and compiling of programming paradigms in Java."
http://data.europa.eu/esco/skill/19aa10ee-35fb-4ba1-b8dc-51525c090ccc,analyse data for policy decisions in trade,"Analyse data about a specific company, retailer, market or store formula. Process all gathered information into a corporate plan, and use it to prepare upcoming policy decisions."
http://data.europa.eu/esco/skill/19c0e68e-6e6c-4698-85dc-ef66a9de2c37,maintain information network hardware,"Assess the functionality and identify faults in the infrastructure of an information network, perform routine maintenance tasks which prevent failure and repair tasks in order to ensure permanent availability to system users."
http://data.europa.eu/esco/skill/19c47caf-08b6-4430-9e09-0c11cb42c78a,tram network,The characteristics of the network of tram services and the risks of disruption of services due to incidents or inefficiencies.
http://data.europa.eu/esco/skill/19c610ff-f8eb-44e1-9f83-0e130303643c,assess data collected to improve community arts programme,"Interpret and evaluate data collected during your community arts programme. Use it to offer signposting to individuals in your groups for their development, to extract actions that you can take to improve your professional practice, and to create a report appropriate to your requirements providing your analyse of data collected and possible solutions, with or without specifying needed resources as necessary."
http://data.europa.eu/esco/skill/19c610ff-f8eb-44e1-9f83-0e130303643c,assess data collected to improve community arts programme,"Interpret and evaluate data collected during your community arts programme. Use it to offer signposting to individuals in your groups for their development, to extract actions that you can take to improve your professional practice, and to create a report appropriate to your requirements providing your analyse of data collected and possible solutions, with or without specifying needed resources as necessary."
http://data.europa.eu/esco/skill/1a63b1a7-2cac-4372-8760-7bb6afb36949,investigate security issues,"Look out for information and evidence revolving around security and safety issues in order to analyse possible threats, track incidents, and improve security procedures."
http://data.europa.eu/esco/skill/1aae38c8-f75a-4009-8aa0-c5fa94b06e6b,manage water quality testing,"Direct the procedures surrounding the testing and quality analysis of water and subsequent purification procedures by managing operations from collection of samples to laboratory testing, managing staff, and ensuring compliance with legislation."
http://data.europa.eu/esco/skill/1abcc511-ba5a-42e0-8d88-7efb39af4c36,operate automatic cutting systems for footwear and leather goods,"Work with the equipment's software. Digitise and mark the leather areas with faults in order to avoid them. Establish nesting and cutting restrictions for each pattern. Pick up, sort, upload patterns, check and complete cutting orders. Adjust the machines and equipment parameters and perform simple procedures for maintenance."
http://data.europa.eu/esco/skill/1b2889c2-154d-4e5f-b7d1-bd1f07df86ab,create animated narratives,"Develop animated narrative sequences and story lines, using computer software and hand drawing techniques."
http://data.europa.eu/esco/skill/1b45b91c-0949-45cf-a6d8-040a62423060,monitor guest access,"Oversee guests access, ensuring that guest needs are addressed and security is maintained at all times."
http://data.europa.eu/esco/skill/1b70a55d-b8a4-49fc-96c6-15ab4cff2522,use data processing techniques,"Gather, process and analyse relevant data and information, properly store and update data and represent figures and data using charts and statistical diagrams."
http://data.europa.eu/esco/skill/1b7c716e-af95-4cda-a42f-6479c8b139f5,MDX,The computer language MDX is a query language for retrieval of information from a database and of documents containing the needed information. It is developed by the software company Microsoft.
http://data.europa.eu/esco/skill/1bc718b6-ed90-4a9d-9fa7-8cec928a4581,use creative suite software,Use a creative software suite such as ''Adobe'' to aid in graphic designing.
http://data.europa.eu/esco/skill/1bfeddc8-44be-4559-af64-2b2d41ceae65,remove paint,"Remove paint by using chemical strippers, a heat gun, sanding or scraping the surface."
http://data.europa.eu/esco/skill/1c2978b8-bb0d-4249-9c23-877571a4dffa,cloud security and compliance,"Cloud security and compliance concepts, including shared responsibility model, cloud access management capabilities, and resources for security support."
http://data.europa.eu/esco/skill/1c43679a-c6fc-4b42-bb8b-452a34ae9b73,use chromatography software,Use the chromatography data system software which collects and analyses the chromatography detectors results.
http://data.europa.eu/esco/skill/1c66359a-5d68-4526-86ab-4a2c554aab57,create cultural venue outreach policies,"Draw up outreach policies for the museum and any art facility, and a programme of activities directed at all target audiences. Set up a network of exterior contacts to relay information to target audiences to this end."
http://data.europa.eu/esco/skill/1c7fbce8-741b-416a-8b34-f9900e0ddd52,Shiva (digital game creation systems),"The cross-platform game engine which is a software framework that consists of integrated development environments and specialised design tools, designed for the rapid iteration of user-derived computer games."
http://data.europa.eu/esco/skill/1c8327dd-9af0-4124-9c4e-0342d90189d4,design pharmaceutical manufacturing systems,Design production control systems which involve all processes from pharmaceutical production process to pharmaceutical stocks with the purpose of providing the correct input for the development of pharmaceutica manufacturing plant software packages.
http://data.europa.eu/esco/skill/1c8658c0-8f1e-4bf1-8e81-0a3a6033847e,wire security sensors,Draw wires from the correct contact points in a variety of security sensors to the control panel. Make sure the wiring plan of the control panel is clear and effective.
http://data.europa.eu/esco/skill/1c9bb265-6ff7-428e-9a72-9c8df75178b8,assess impact of industrial activities,Analyse data to estimate the impact of industrial activities on resource availability and groundwater quality.
http://data.europa.eu/esco/skill/1ce4cddd-4a74-458e-a2d4-152ca939475a,OWASP ZAP,"The integrated testing tool OWASP Zed Attack Proxy (ZAP) is a specialised tool which tests web applications security weaknesses, replying on an automated scanner and a REST API."
http://data.europa.eu/esco/skill/1d6c7de4-350e-4868-a47b-333b4b0d9650,"evaluate data, information and digital content","Analyse, compare and critically evaluate the credibility and reliability of sources of data, information and digital content. Analyse, interpret and critically evaluate the data, information and digital content."
http://data.europa.eu/esco/skill/1d746c11-107f-4994-8ac5-1143bbc5cd14,exercise security in hospitals,"Security activities in a hospital environment executing the hospitals structured security program, usually positioned at admission or the entrance of the hospital, patrolling the premises, helping nurses and doctors on demand."
http://data.europa.eu/esco/skill/1d86f05e-e9cc-40ce-99d8-2b21cc71b16b,solution deployment,"The technologies and standards to be used during the installation, deployment and maintenance of software characteristics."
http://data.europa.eu/esco/skill/1dc72b51-0428-4d28-b44f-2b8d55f25599,conduct routine blood testing,"Perform routine tests on blood gases, electrolytes and metabolites."
http://data.europa.eu/esco/skill/1de3942b-99d8-41e8-9ef0-fbc9e9f6307b,Drupal,"The open-source web-based software system written in PHP, used for creating, editing, publishing and archiving blogs, articles, web pages or press releases, which requires a higher level of technical understanding of HTML, CSS and PHP."
http://data.europa.eu/esco/skill/1e77e42a-181f-4b48-8e74-201ce50ffc29,interpret current data,"Analyse data gathered from sources such as market data, scientific papers, customer requirements and questionnaires which are current and up-to-date in order to assess development and innovation in areas of expertise."
http://data.europa.eu/esco/skill/1e80fa2a-df90-461e-a531-727e4921c69c,prescribe tests for physiotherapy,"Prescribe diagnostic imaging, laboratory tests and other investigations as part of the physiotherapist client`s assessment in certain situations, where applicable, and in accordance with local or national legislation and/or policy."
http://data.europa.eu/esco/skill/1ebb9c2d-867a-407e-b2ea-34106e4712aa,operate paper press,"Operate the paper shoe press, which forces the paper web between a soft rotating roller, squeezing out water that is absorbed and carried away by wet felts."
http://data.europa.eu/esco/skill/1ebc1454-b6cb-4e45-a96a-17399961ad39,manage technical security systems,"Verify the operation of technical security systems such as cameras, badge readers or X-ray machines."
http://data.europa.eu/esco/skill/1f0fbd17-56b7-45cd-b841-e7d9e2a5a14e,identify blockchain innovation opportunities,"Identify blockchain innovation opportunities through the introduction of blockchain-based solutions, within a particular sector, but also across sectors. Understand the consequences of essential blockchain properties such as transparency and security for driving forward innovations."
http://data.europa.eu/esco/skill/1f1da04a-897e-4347-b465-1058a3e9b93c,manage ethics issues in the food industry,"Apply ethical principles to manage complex issues in the food industry. Engage in ethical decision making by applying standards of national and as applicable, international codes of ethics or statements of principles."
http://data.europa.eu/esco/skill/1f51e46a-4588-4c1d-b507-3f9ea480dde2,design landscape schemes,"Design landscaping schemes and create scale models, according to specifications and budget."
http://data.europa.eu/esco/skill/1f6579b0-11e6-4eb2-82d0-5f2d27cc11d6,collect biological samples from patients,"Follow recommended processes to collect bodily fluids or samples from patients for further laboratory testing, assisting the patient as required."
http://data.europa.eu/esco/skill/1f93c055-43a9-4593-a8c7-4cde2ebf2081,test dental instruments,Test dental instruments using appropriate equipment. Gather and analyse data. Monitor and evaluate system performance and take action if needed.
http://data.europa.eu/esco/skill/1fc580ca-9adc-46af-8a88-61e871273b49,manage animal biosecurity,"Plan and use appropriate biosafety measures to prevent transmission of diseases and ensure effective overall biosecurity. Maintain and follow biosecurity procedures and infection control when working with animals, including recognising potential health issues and taking appropriate action, communicating site hygiene control measures and biosecurity procedures, as well as reporting to others."
http://data.europa.eu/esco/skill/1fd51289-0490-409f-8074-08af9382b7d0,apply prescribed herbicides,"Carry out, under supervision and as authorised, the spraying of prescribed herbicides in accordance with training and skills acquired, using manufacturers’ application rates, in accordance with materials safety data sheets and any formal procedure and practice in place, and for which clearance has been issued."
http://data.europa.eu/esco/skill/1ff53c92-370d-414b-b758-b0a1b8026853,check methods,"Procedures used for investigative purposes such as surveillance by physical and electronic means, interrogations of witnesses, collection of objects and data for assessment and analysis and physical and electronic research for collecting data."
http://data.europa.eu/esco/skill/1ffac4ac-fda7-407d-8ed1-ca8f4a8dc146,Angular,"The techniques and principles of software development, such as analysis, algorithms, coding, testing and compiling of programming paradigms in Angular."
http://data.europa.eu/esco/skill/20c920d4-7ff7-4676-ba61-3f04490d9416,keep up with the latest information systems solutions,"Gather the latest information on existing information systems solutions which integrate software and hardware, as well as network components."
http://data.europa.eu/esco/skill/20eb4c72-2a50-4a68-acb0-7e0d4559c097,set up consumer electronics,"Connect electronic devices, such as TVs, audio and video equipment and cameras, to the electricity network and perform electrical bonding to avoid dangerous potential differences. Test the installation for proper functioning."
http://data.europa.eu/esco/skill/2111dff8-f830-46ad-80ce-7885893b3134,coordinate events,"Lead events by managing budget, logistics, event support, security, emergency plans and follow up."
http://data.europa.eu/esco/skill/213bd7d8-2941-488f-afb7-21e2a7744c17,select soap shaping plate,Select the corresponding plate and insert it into the plodder machine. The selection of the plate must be done according to specifications so that the soap bars will have the correct shape and size.
http://data.europa.eu/esco/skill/2164e860-7f20-48bc-b98c-5d9f8a561550,design computer network,"Develop and plan ICT networks, such as wide area network and local area network, that connect computers using cable or wireless connections and allow them to exchange data and assess their capacity requirements."
http://data.europa.eu/esco/skill/2174c1b0-e13c-4850-8e4d-2bc6183018bf,cryptocurrency,"Digital and encrypted currency or medium of exchange with decentralized network grounded on blockchain technology, since the value of the cryptocurrency is not managed or maintained by central authorities, as is the case with the Euro."
http://data.europa.eu/esco/skill/2180bd8c-86de-4889-8165-adac902eee9d,embedded systems,"The computer systems and components with a specialised and autonomous function within a larger system or machine such as embedded systems software architectures, embedded peripherals, design principles and development tools."
http://data.europa.eu/esco/skill/21d2f96d-35f7-4e3f-9745-c533d2dd6e97,computer programming,"The techniques and principles of software development, such as analysis, algorithms, coding, testing and compiling of programming paradigms (e.g. object oriented programming, functional programming) and of programming languages."
http://data.europa.eu/esco/skill/22225017-a02e-4171-8775-64c3adc87512,automatic meter reading,"Mobile, network and handheld technologies used to automatically acquire data on energy and water consumption, and forward them to the central database for sending invoices or performing analysis."
http://data.europa.eu/esco/skill/2267e532-303d-460c-9acf-56a70ea60c0a,city road network,"The city road transport network with its possibilities, limitations, congestion hotspots, and areas of highest use."
http://data.europa.eu/esco/skill/23236dce-adc6-47bc-91e2-6701a93ece58,test microelectromechanical systems,"Test microelectromechanical systems (MEMS) using appropriate equipment and testing techniques, such as thermal shock tests, thermal cycling tests, and burn-in tests. Monitor and evaluate system performance and take action if needed."
http://data.europa.eu/esco/skill/234aeb8d-56c3-4531-9193-1c5e6a8d16cb,use presentation software,"Use software tools to create digital presentations which combine various elements, such as graphs, images, text and other multimedia."
http://data.europa.eu/esco/skill/23900e3d-06fa-424c-a5dc-c0ea42edde1e,Oracle Warehouse Builder,"The computer program Oracle Warehouse Builder is a tool for integration of information from multiple applications, created and maintained by organisations, into one consistent and transparent data structure, developed by the software company Oracle."
http://data.europa.eu/esco/skill/23dc8bb2-1091-461e-9095-a048b7ffa009,airport environmental regulations,"The official regulations for environmental standards in airports as dictated by national codes for planning airport facilities and related developments. These include regulatory aspects which govern noise and environmental aspects, sustainability measures, and impacts in relation to land use, emissions, and wildlife hazard mitigation."
http://data.europa.eu/esco/skill/2441d964-bdae-460e-acd0-334ce780a683,carry out neuropsychological testing,"Run neuropsychological tests on patients in order to acquire data about a subject`s cognitive, motor, behavioural, linguistic, and executive functioning and interpret the obtained data in order to guide effective treatment methods for the rehabilitation of impaired patients."
http://data.europa.eu/esco/skill/2450c3b3-e78e-435b-b84d-e05d984e71dc,software architecture models,"The set of structures and models needed to understand or describe the software system, including the software elements, the relations between them and the properties of both elements and relations."
http://data.europa.eu/esco/skill/24bd5079-e4f3-4bff-8ed7-7540080ce7ec,cosmetic manicure,"Various elements of a manicure, such as the cutting and shaping of toe- or fingernails, removing excess callouses and cuticle around nails, and applying a protective or decorative coat of nail polish."
http://data.europa.eu/esco/skill/24c200e5-be20-4370-a137-ab53797f3a17,software frameworks,The software development environments or tools used to improve the efficiency of new software development by providing specific features that support and guide the development.
http://data.europa.eu/esco/skill/24f4993f-9d86-42d1-8671-b6ec8b728956,use codes to communicate with taxi drivers,Use codes whenever possible to limit the use of conversational language in order to increase productivity.
http://data.europa.eu/esco/skill/251b5528-693c-4ef9-a7f6-9924bb8d7ef8,decentralized application frameworks,"The different software frameworks, and their characteristics, advantages and disadvantages, that allow the development of decentralized applications on blockchain infrastructure. Examples are truffle, embark, epirus, openzeppelin, etc."
http://data.europa.eu/esco/skill/2522a6ce-3202-4ac8-9f5b-b9cb5a3a83a1,debug software,"Repair computer code by analysing testing results, locating the defects causing the software to output an incorrect or unexpected result and remove these faults."
http://data.europa.eu/esco/skill/25619418-10ff-4fd1-af06-149a555447ed,prescribe exercises for controlled health conditions,Provide a range of targeted exercise programmes by applying principles of exercise programming.
http://data.europa.eu/esco/skill/2579f843-87e8-4a9f-83ce-1284b2218b56,manage aeronautical information management services,"Undertake complex tasks and perform medium and high level database, desktop and GIS-related activities in order to develop quality aeronautical data sets and publications."
http://data.europa.eu/esco/skill/25b291b5-8245-4d9d-b391-86a8a31d7109,use concurrent programming,"Utilise specialised ICT tools to create programs that can execute concurrent operations by splitting programs into parallel processes and, once computed, combining the outcomes together."
http://data.europa.eu/esco/skill/25c4cb91-d64b-48d1-a350-3527334a360d,precision engineering,"Engineering discipline related to the fields of electrical engineering, electronics engineering, software engineering, optical engineering, and mechanical engineering that deals with the development of apparatus with very low tolerances."
http://data.europa.eu/esco/skill/25df422a-bf0a-4f76-8631-d0be91cb8751,model based system engineering,"Model-based systems engineering (MBSE) is a methodology for systems engineering that uses visual modelling as the primary means of communicating information. It is focused on creating and exploiting domain models as the primary means of information exchange between engineers and engineering technicians, rather than on document-based information exchange. Therefore, it eliminates the communication of unnecessary information by relying on abstract models that retain only the relevant data."
http://data.europa.eu/esco/skill/25ee43a8-f9b0-4990-96cf-eabe627ff0cc,use rental management software,"Use rental management software to monitor aspects of the business such as finances, rentals, and bills."
http://data.europa.eu/esco/skill/25f0ea33-b4a2-4f31-b7b4-7d20e827b180,data mining,"The methods of artificial intelligence, machine learning, statistics and databases used to extract content from a dataset."
http://data.europa.eu/esco/skill/27065048-bca8-4b0a-891a-b192b9ceadfd,CAM software,"Different tools for computer-aided manufacturing (CAM) to control machinery and machine tools in the creation, modification, analysis, or optimisation as part of the manufacturing processes of workpieces."
http://data.europa.eu/esco/skill/271dc8e9-2c99-48a4-b7fa-c151792a27cd,advise customers on photography,"Provide advice to customers on photographic devices and equipment. Help customers choose a photograpic device that fits their need, share information about their functionalities and maintenance. Inform customers about photoshoots and other photography related services."
http://data.europa.eu/esco/skill/27910071-8dcd-40e5-9b58-7db56e9d6d2c,forecast human population trends,Compare existing data about the human population with geographic and sociological knowledge in order to predict trends in human population.
http://data.europa.eu/esco/skill/27b913f0-3c52-448b-ad27-fc6ef08fb326,Adobe Illustrator,The computer program Adobe Illustrator CC is a graphical ICT tool which enables digital editing and composition of graphics to generate both 2D raster or 2D vector graphics. It is developed by the software company Adobe.
http://data.europa.eu/esco/skill/27ce49c9-cec8-451d-ac6f-818394aef827,maintain personal development in psychotherapy,"Develop and monitor personal qualities as a professional psychotherapist, ensuring resilience, the ability to manage complex and unpredictable behavior and taking appropriate action when required."
http://data.europa.eu/esco/skill/27d19c6f-701f-4202-89fa-c4de10f52080,monitor parking areas to maintain security,"Monitor the entry and exit routes within the parking areas and report on any hazards, accidents or violations."
http://data.europa.eu/esco/skill/27ed854c-15b8-4ba2-90e9-ae888a219703,perform business analysis,"Evaluate the condition of a business on its own and in relation to the competitive business domain, performing research, placing data in context of the business' needs and determining areas of opportunity."
http://data.europa.eu/esco/skill/283091c1-0d31-475d-94f7-030459aafcff,liaise with genetic laboratories,Maintain communication with genetic laboratories in order to obtain results on genetic testing.
http://data.europa.eu/esco/skill/2832382f-fa74-439f-a85e-6ff2d03c9cd0,take pharmaceutical inventory,"Take stock of medications, chemicals, and supplies, entering the inventory data into a computer, receiving and storing incoming supplies, verifying the supplied quantities against invoices, and informing supervisors of stock needs and possible shortages."
http://data.europa.eu/esco/skill/2847f2cd-36e2-42f2-91bc-ede7aacdfaaf,test circuitry,"Inspect and test signal circuitry, using standard electrical or electronic testing equipment."
http://data.europa.eu/esco/skill/2857540c-180b-4208-9127-e94a01871966,align software with system architectures,Put system design and technical specifications in line with software architecture in order to ensure the integration and interoperability between components of the system.
http://data.europa.eu/esco/skill/285cac9e-dad3-4b7b-848f-9bd2860ae345,monitor gauge,"Oversee the data presented by a gauge concerning the measurement of pressure, temperature, thickness of a material, and others."
http://data.europa.eu/esco/skill/2879a6f9-868b-40a1-a424-d50007ca8354,record production data for quality control,"Keep records of the machine's faults, interventions and irregularities for quality control."
http://data.europa.eu/esco/skill/2879e8f6-037a-49ed-ba73-6f7d7766223e,food waste monitoring systems,"The characteristics, benefits and ways of using digital tools to collect, monitor and evaluate data on food waste in an organisation or hospitality establishment."
http://data.europa.eu/esco/skill/28878fd9-9a17-452a-b3b8-5db5c63d7905,analyse energy market trends,"Analyse data influencing the movement of the energy market, and liaise with the important stakeholders in the energy field in order to make accurate predictions and perform the most beneficial actions."
http://data.europa.eu/esco/skill/2891f0dc-4426-4a9a-8fbb-db4fb0a66f91,Nessus,"The computer program Nessus is a specialised ICT tool which tests security weaknesses of the system for potentially unauthorised access to system information, developed by the software company Tenable Network Security."
http://data.europa.eu/esco/skill/28a0fe16-4e03-4d5e-8f0e-5198309e77a9,perform forensic preservations of digital devices,"Preserve integrity of ICT devices, such as laptops, desktops and other digital media, by storing them physically and using software such as PTK Forensics and EnCase to retrieve, store and trace digital information in a legal manner so that they can be used as evidence at an appropriate time."
http://data.europa.eu/esco/skill/28eb4689-3ba4-47a1-96b0-34a60751ea17,design infrastructure for surface mines,Assist with the design of mine infrastructure using specialised computer software and data calculations.
http://data.europa.eu/esco/skill/29312151-0805-41c8-a111-0109a7e932f0,perform financial market business,"Perform or monitor business operations on the money market and on the capital market such as the lending or receiving of deposits, swap transactions or short selling."
http://data.europa.eu/esco/skill/29431e90-435e-4a3b-9eb5-c89f6d7f4fea,record malting cycle data,"Record data concerning the malting cycle and its variables such as air, water temperature, and humidity content."
http://data.europa.eu/esco/skill/2959dba4-05ad-41b3-915a-d72d46108a63,install electrical household appliances,"Connect electrical equipment, such as dishwashers, ovens and refrigerators, to the electricity network and perform electrical bonding to avoid dangerous potential differences. Test the installation for proper functioning."
http://data.europa.eu/esco/skill/2962214b-cc38-4d20-aa8b-aa120091d743,prepare exhibition marketing plan,"Develop marketing plan for upcoming exhibition; design and distribute posters, flyers and catalogues; communicate ideas with photographers, graphic designers and printers; prepare articles for online and printed media; keep website and social media up-to-date."
http://data.europa.eu/esco/skill/296f6b56-de45-4aac-aa96-43e4a4864724,blockchain architecture,The design structure of a peer-to-peer network of computers that functions as backend for systems and applications The network is constructed as a virtual machine without a central system that manages interactions among the nodes.
http://data.europa.eu/esco/skill/2973b3bc-5893-4b3d-8953-22ef677a162f,cutting technologies,"The variety of cutting technologies, such as software or mechanics, guiding cutting processes through lasering, sawing, milling etc."
http://data.europa.eu/esco/skill/29fb0fb5-dfc4-4098-ac9b-3a712000f48f,manage database,"Apply database design schemes and models, define data dependencies, use query languages and database management systems (DBMS) to develop and manage databases."
http://data.europa.eu/esco/skill/2a3a96a3-709e-4d60-81f6-d247d6933f13,manage system security,Analyse the critical assets of a company and identify weaknesses and vulnerabilities that lead to intrusion or attack. Apply security detection techniques. Understand cyber attack techniques and implement effective countermeasures.
http://data.europa.eu/esco/skill/2a69d6a0-b90f-4d50-bef8-a05d6704575d,use media software,"Use mainly visual programming software such as sound, lighting, image, capturing, motion control, UV mapping, augmented reality, virtual reality, or 3D projecting software. This software could be used for example in performing art and event applications."
http://data.europa.eu/esco/skill/2abfac2e-ad51-49fd-bbed-34953c95ab20,oversee planning of security systems,Monitor the selection and installation of security systems such as fire protection and soundproofing equipment and make sure it is sufficiently efficient and compliant with current legislation.
http://data.europa.eu/esco/skill/2ac79be0-1f66-48da-84a6-2d294179927f,create patterns for garments,"Create patterns for garments using pattern making softwares or by hand from sketches provided by fashion designers or product requirements. Create patterns for different sizes, styles, and components of the garments."
http://data.europa.eu/esco/skill/2aec5bf4-452f-44f1-a9d6-e6db4cd1eb58,use sanding machines,Use a power tool to grind or smoothen surfaces by abrasion with sandpaper. Attach the sandpaper to the machine and move it rapidly either by hand-holding it or fixing it to a workbench.
http://data.europa.eu/esco/skill/2afefe51-4dcf-4314-a014-7c0477ee7372,perform water treatments,"Perform regularly water testing, ensuring that water management and filtration processes follow reasonable management practices, industry standards, or commonly accepted farming practices. Record previous water contaminations, the source of contamination and contamination remedied. Take mitigation measures to guard against further contamination."
http://data.europa.eu/esco/skill/2aff3316-15b8-4ca1-8ae2-270bd5fd22e1,electrical equipment regulations,"The national and international regulations with regards to the use and manufacture of electrical equipment on the workfloor. These regulations provide rules and guidelines on topics such as general risk management, electrical equipment manufacture, electrical equipment testing, electrical equipment installation, warning labels, and certificates."
http://data.europa.eu/esco/skill/2b24cbb7-f94e-43c1-8377-138f80ad5c19,develop translation memory software,Develop and improve translation memory software for retrieving equivalent target texts in existing databases when translating from one language to another.
http://data.europa.eu/esco/skill/2b34764d-637c-48f5-aa70-31e15c965db6,operate open source software,"Operate Open Source software, knowing the main Open Source models, licensing schemes, and the coding practices commonly adopted in the production of Open Source software."
http://data.europa.eu/esco/skill/2b6bc32d-c60d-435b-931f-79bd3404f8b9,use capturing systems for live performance,"Use equipment and software to track movement and other physical phenomena by image analysis, encoders or sensors to generate control signals for performing art and event applications."
http://data.europa.eu/esco/skill/2b7a79e5-84d8-4880-be66-3d9bb05bea17,use software design patterns,"Utilise reusable solutions, formalised best practices, to solve common ICT development tasks in software development and design."
http://data.europa.eu/esco/skill/2b834a98-14ff-47e1-8aef-cf8ffae912fa,collect mapping data,Collect and conserve mapping resources and mapping data.
http://data.europa.eu/esco/skill/2b92a5b2-6758-4ee3-9fb4-b6387a55cc8f,perform data analysis,"Collect data and statistics to test and evaluate in order to generate assertions and pattern predictions, with the aim of discovering useful information in a decision-making process."
http://data.europa.eu/esco/skill/2bde42ae-e776-41c1-9ded-b07b30bfe985,Prolog (computer programming),"The techniques and principles of software development, such as analysis, algorithms, coding, testing and compiling of programming paradigms in Prolog."
http://data.europa.eu/esco/skill/2c28fc20-8a60-4311-8899-5ef8729c05b3,design process,"Identify the workflow and resource requirements for a particular process, using a variety of tools such as process simulation software, flowcharting and scale models."
http://data.europa.eu/esco/skill/2c320022-14b4-43fd-ae33-523a52a52e70,supervise transfer of luggage,"Supervise the transfer of luggage and ensure the timely and safe arrival of baggage to airlines, passengers, and gates, as well as supervising the operations of luggage transfer automation conveyor systems and carousels."
http://data.europa.eu/esco/skill/2c4e11ef-da18-4e19-816b-e6bc19e12424,use logic programming,"Utilise specialised ICT tools to create computer code composed of series of sentences in logical form, expressing rules and facts about some problem domain. Use programming languages which support this method such as Prolog, Answer Set Programming and Datalog."
http://data.europa.eu/esco/skill/2d140a3a-45a6-4248-80dd-b3760ebc9cc6,operations management,The backend business functions that are implemented with the aim of achieving the high efficiency and profitability within an organisation.
http://data.europa.eu/esco/skill/2d6d4784-0992-48e7-b100-22d7229b3f0a,translate requirements into visual design,"Develop visual design from given specifications and requirements, based on the analysis of the scope and target audience. Create a visual representation of ideas such as logos, website graphics, digital games and layouts."
http://data.europa.eu/esco/skill/2d780738-9b34-40a3-adbb-590001f6ff86,perform technically demanding tasks,"Perform duties which require particular technical skills such as testing new measuring instruments, developing a program for numerically controlled machines or realising delicate manual work."
http://data.europa.eu/esco/skill/2daec0e6-f0c1-43e8-8178-aedba99130ec,establish data processes,"Use ICT tools to apply mathematical, algorithmic or other data manipulation processes in order to create information."
http://data.europa.eu/esco/skill/2db7ca4d-89ed-460b-9cb6-404acdb80209,landscape architectural instruments,"The instruments, tools, symbols and terminology of landscape architectural drawing and specifications; the laws and codes pertaining to landscape architecture and design."
http://data.europa.eu/esco/skill/2ddb1226-1117-4eb4-ae65-3a2f5a5a3c80,ICT network security risks,"The security risk factors, such as hardware and software components, devices, interfaces and policies in ICT networks, risk assessment techniques that can be applied to assess the severity and the consequences of security threats and contingency plans for each security risk factor."
http://data.europa.eu/esco/skill/2e5c3901-cac5-46a0-ad5d-b98a34680513,test optical components,"Test optical systems, products, and components with appropriate optical testing methods, such as axial ray testing and oblique ray testing."
http://data.europa.eu/esco/skill/2e6379be-59ad-414a-8d81-68102b6b77b1,set management priorities in pipeline networks,"Set the priorities for the performance of activities in pipeline networks. Analyse the different issues within the infrastructure, and tackle issues that may significantly affect operations and those that may be costly if left unaddressed."
http://data.europa.eu/esco/skill/2e69f3a4-e0be-4990-aff7-facc1b6c6860,match goods with appropriate packaging according to security procedures,Relate goods to be packed with the required security equipment following appropriate security procedures.
http://data.europa.eu/esco/skill/2ea702ba-2f9c-4ab9-a1ef-65bb6b7c4c14,work in crises areas,Support people in fragile and conflict affected environments such as in developing countries.
http://data.europa.eu/esco/skill/2eae92cf-5f21-43e7-aa41-ab65b00c1b92,operate tote board,"Operate a tote board, either manually or using software such as Autotote."
http://data.europa.eu/esco/skill/2ec7edc2-f184-4c7d-bcd1-52b9d994934c,manage food manufacturing laboratory,Manage laboratory activities in the plant or factory and using the data to monitor the quality of manufactured products.
http://data.europa.eu/esco/skill/2f04bb71-d476-43b3-a60b-5df1d05f5681,Octopus Deploy,The tool Octopus Deploy is a software program used to automate ASP.NET applications deployment to local or on the cloud servers.
http://data.europa.eu/esco/skill/2f8c99cc-17a8-40f2-bc3a-f9eb426dbe06,calculate rigging plots,Calculate the right data to determine how the rigging will operate during a performance.
http://data.europa.eu/esco/skill/2f954283-4642-409a-8e9b-d6ae0a11b358,use meteorological tools to forecast meteorological conditions,"Use meteorological data and tools such as weather facsimile machines, weather charts and computer terminals, to anticipate weather conditions."
http://data.europa.eu/esco/skill/2fcec93b-9287-4527-84db-888f1165d8fb,ensure protection of car parking,"Guarantee protection, safety and security of parked cars."
http://data.europa.eu/esco/skill/300d432b-f457-4cd3-9cb1-1858c7d14954,OpenEdge Advanced Business Language,"The techniques and principles of software development, such as analysis, algorithms, coding, testing and compiling of programming paradigms in OpenEdge Advanced Business Language."
http://data.europa.eu/esco/skill/31910296-7c31-4b87-a00b-594ec072b6e5,manage gaming facilities,"Manage opportunities for cost and process efficiencies in relation to the maintenance, cleaning, security, administration and other peripheral functions within the GBLs' facilities."
http://data.europa.eu/esco/skill/32428b21-514b-42c2-81b5-244a7804ea74,procurement of ICT network equipment,The products available from network equipment providers and methods for selecting and procuring the equipment.
http://data.europa.eu/esco/skill/328733a7-6d84-420d-a65c-2a8014fadc60,record test data,Record data which has been identified specifically during preceding tests in order to verify that outputs of the test produce specific results or to review the reaction of the subject under exceptional or unusual input.
http://data.europa.eu/esco/skill/329d799f-232b-4dc6-90f8-4f25b80183fa,coordinate cargo handling,Organize stowing with a plan of load distribution to get the stability of the vessel and security. Direction of cargo operations.
http://data.europa.eu/esco/skill/32a2c63d-2d13-4784-abb8-678ef2cd8a46,machine translation,The computing field that researches the use of software for translating text or speech from one language to another.
http://data.europa.eu/esco/skill/33841903-78d8-4273-950d-755248290c2d,carry out research on ground systems,"Conduct research on ground systems and hardware; research the fields of encryption, networking, and mass storage."
http://data.europa.eu/esco/skill/3398504d-9137-4a38-a91c-b37416eba276,security requirements of goods transported via pipelines,"The security requirements and safety measures necessary to avoid accidents during the transportation of goods such as oil and petroleum products, olefin, ammonia, CO2, hydrogen, and others via pipelines."
http://data.europa.eu/esco/skill/33a82b83-c838-4889-ae62-fae1317481eb,protect personal data and privacy,Protect personal data and privacy in digital environments. Understand how to use and share personally identifiable information while being able to protect oneself and others from damages. Understand that digital services use a “Privacy policy” to inform how personal data is used.
http://data.europa.eu/esco/skill/33b55d3a-81f5-45cb-af40-06cd54db78e1,output electronic files,"Load customer supplied electronic files onto the prepress file server, whilst checking them for completeness and potential problems. Communicate eventual problems with customers and production personnel."
http://data.europa.eu/esco/skill/33d49d4f-31ec-473f-9b8a-b555aa5116bb,iterative development,The iterative development model is a methodology to design software systems and applications.
http://data.europa.eu/esco/skill/33e584f9-ff7a-4979-bfc0-5a3a374a145a,social network analysis,The research method that is mainly explored in sociology and communication science and focuses on the analysis of the relations between individuals and among organisations and states.
http://data.europa.eu/esco/skill/33efa504-2f26-424d-b662-cee77e6e9c93,digital identity management,"The process of providing, managing, auditing and securing digital identities to facilitate and enable approved, authentic requests or connections to view company data, services, systems, networks, and assets."
http://data.europa.eu/esco/skill/33f39236-ab8c-4554-b80c-ca506cafde45,evaluate social work program's impact,Gather data to allow the assessment of the impact of a program on a community.
http://data.europa.eu/esco/skill/34016949-da9c-4107-98e3-1080ae405e27,perform welding inspection,Inspect and assure the quality of welded metals using diverse testing techniques.
http://data.europa.eu/esco/skill/3413584b-a4e9-4f8d-b836-c9bfee0ed80b,process data from railway control rooms,"Interpret data generated in control rooms in railway stations. Utilise gathered information to identify faults in mechanical equipment, schedule changes, and identify delays and incidents that may occur; provide solutions in the event of incidents and mitigate the impact on operations."
http://data.europa.eu/esco/skill/34415032-ad3d-417a-84de-06a80728e8ef,check implementation security plan,Supervise the realisation of the aviation safety instructions.
http://data.europa.eu/esco/skill/348b74cd-49ce-4844-8bdf-ec188b497213,visual presentation techniques,"The visual representation and interaction techniques, such as histograms, scatter plots, surface plots, tree maps and parallel coordinate plots, that can be used to present abstract numerical and non-numerical data, in order to reinforce the human understanding of this information."
http://data.europa.eu/esco/skill/34928d4f-16e2-46a7-937a-c46838f550eb,pay-per-click,Internet advertising model where an advert is place in a website directing traffic to some other website. The publisher gets paid by every click on the banner.
http://data.europa.eu/esco/skill/34982b79-842f-4835-8598-d27793731d26,manage library users queries,"Search library databases and standard reference materials, including online sources, to help users should they have questions."
http://data.europa.eu/esco/skill/34bc01ed-dd78-49c7-bcfb-c17bb66688b5,test power electronics,"Test power electronics using appropriate equipment. Gather and analyse data on systems and components, such as analogue and digital circuit tolerance, power losses and overall efficiency as electricity works its way through circuits. Monitor and evaluate system performance and take action if needed."
http://data.europa.eu/esco/skill/34bd22df-015b-4a85-9cfe-4074956a882a,woodturning,"Process of shaping wood on a lathe and its types, namely spindle turning and faceplate turning."
http://data.europa.eu/esco/skill/34ff4148-8d8a-4186-94ff-c67524c16c0c,respond to changing situations in fishery,Act decisive and in time to unexpected and rapidly changing situations in fishery.
http://data.europa.eu/esco/skill/3501ac95-4574-4420-92b7-67331e649462,manage multi frequency wireless signal distribution,"Manage the set-up of wireless equipment for distribution of wireless control signals for performing art and event applications. Develop frequency plans, configure, test and monitor equipment and measures frequency spectrum. Ensure there is no interference between the different frequencies and channels and industry standard security for these devices."
http://data.europa.eu/esco/skill/351ce1e5-1e19-4b12-8928-a1ae8203ed0b,monitor sales area for security reasons,"Observe the behaviour of customers in sales areas, in order to maintain order and security and spot potential risks."
http://data.europa.eu/esco/skill/3556c075-eee0-4549-b730-48ae70cb5af9,funding methods,"The financial possibilities for funding projects such as the traditional ones, namely loans, venture capital, public or private grants up to alternative methods such as crowdfunding."
http://data.europa.eu/esco/skill/3579208e-49b3-4ce4-98e7-20e41b1ce8d4,develop information security strategy,"Create company strategy related to the safety and security of information in order to maximise information integrity, availability and data privacy."
http://data.europa.eu/esco/skill/3606bf22-1987-4356-b8c4-13e89d8f6c69,interpret extraction data,Process and interpret extraction data and send feedback to the development teams. Apply learnings to concrete operational activities.
http://data.europa.eu/esco/skill/367c240d-5f34-423a-86b1-866ad27206ea,digitise documents,"Load analog documents by converting them into a digital format, using specialised hardware and software."
http://data.europa.eu/esco/skill/36966fbf-bbe2-4c3d-93cf-ca1d665f3012,leather physical testing,"Set of tests that describe physical features of leather. They include the analysis of the performance characteristics of leather, such as resistance to bending, to friction, to tearing, etc."
http://data.europa.eu/esco/skill/36e9c099-614e-44f1-ab0a-5e6fda4a0763,undertake inspections,Undertake safety inspections in areas of concern to identify and report potential hazards or security breaches; take measures to maximise safety standards.
http://data.europa.eu/esco/skill/36ff57b0-637d-4a83-a0e8-d14f86f9f078,analyse scientific data,Collect and analyse scientific data resulting from research. Interpret these data according to certain standards and viewpoints in order to comment on it.
http://data.europa.eu/esco/skill/3703eac1-8941-4d14-b305-b03f653b08c8,create online news content,"Create and upload news content for e.g. websites, blogs and social media."
http://data.europa.eu/esco/skill/370ebe1f-55a5-424f-a44e-f3c19222d63b,advise on strengthening security,Provide information and guidance to clients on how to prevent security threats and incidents.
http://data.europa.eu/esco/skill/371d57e6-cc5f-4fc0-9c0c-58feb595cc5b,perform product testing,Test processed workpieces or products for basic faults.
http://data.europa.eu/esco/skill/37236b8f-0fdc-43eb-bcd3-f4f11864da5a,supervise artefact movement,Oversee the transport and relocation of museum artefacts and ensure their security.
http://data.europa.eu/esco/skill/37bc4dc0-1233-4008-98db-1116d0c1cfcc,define security policies,"Design and execute a written set of rules and policies that have the aim of securing an organisation concerning constraints on behaviour between stakeholders, protective mechanical constraints and data-access constraints."
http://data.europa.eu/esco/skill/3827a408-edf1-47e5-8eaa-e77c39fd2d0d,network with store owners,Build professional relationships with store owners. Try to make agreements with them about promoting their stores in return for a certain commission or fee.
http://data.europa.eu/esco/skill/382c11ed-20d5-4ae7-b60e-15fec527fa6c,apply statistical analysis techniques,"Use models (descriptive or inferential statistics) and techniques (data mining or machine learning) for statistical analysis and ICT tools to analyse data, uncover correlations and forecast trends."
http://data.europa.eu/esco/skill/385f27ee-5ea4-4128-bfda-63287a67b179,ensure security on ships,Conduct security taking into account the specific security and safety measures on passenger and commercial ships.
http://data.europa.eu/esco/skill/38716afc-a93b-44ab-96cc-2ecf67edcf32,do cloud refactoring,"Optimise application to best use cloud services and features, migrate existing application code to run on cloud infrastructure."
http://data.europa.eu/esco/skill/3883f52f-9f86-45eb-9d41-80cf9b9d8e8f,follow up the issued grants,"Manage data and payments after the grants has been given out such as making sure that the grant recipient spends the money according to the terms laid out, verifying payment records or reviewing invoices."
http://data.europa.eu/esco/skill/397da142-ab35-48fe-b154-7c38f447adfb,digital systems,"Systems to store, process and spread information in digital form. They are hardware, software and networks, as well as the ways in which these can be employed."
http://data.europa.eu/esco/skill/398b4b25-fb61-4003-9293-50914d8bfcba,run a media server,Set up and run a media server.
http://data.europa.eu/esco/skill/39aa5c41-960d-420a-a0bb-1ad9686d6369,ethical code of conduct of journalists,"The principles and rules by which journalist must abide when covering news events, such as freedom of speech, the right to be heard, and objectiveness."
http://data.europa.eu/esco/skill/3a2d5b45-56e4-4f5a-a55a-4a4a65afdc43,machine learning,"The principles, methods and algorithms of machine learning, a subfield of artificial intelligence. Common machine learning models such as supervised or unsupervised models, semi- supervised models and reinforcement learning models."
http://data.europa.eu/esco/skill/3a33cec3-4b44-471a-8864-5cc8567a8b1f,CADD software,The computer-aided design and drafting (CADD) is the use of computer technology for design and design documentation. CAD software replaces manual drafting with an automated process.
http://data.europa.eu/esco/skill/3a6b6485-8775-44b9-aba8-0ae06a53ce2f,military code,"The code language used in specific intelligence or military organisations and operations, how to use and decipher them."
http://data.europa.eu/esco/skill/3af687cb-8c7a-46ea-a730-32dbaed040c6,Oracle Data Integrator,"The computer program Oracle Data Integrator is a tool for integration of information from multiple applications, created and maintained by organisations, into one consistent and transparent data structure, developed by the software company Oracle."
http://data.europa.eu/esco/skill/3b4cd1d5-7651-4fe7-a202-8ec672f1b4c7,fermentation process of tobacco leaves,"Process by which ammonia is released from the leaf. It can be done by raising the temperature and humidity, by heaping the tobacco into large piles or by using of a kiln. Under the raised temperature and humidity, enzymes in the leaf cause fermentation."
http://data.europa.eu/esco/skill/3b927416-da82-43ff-9e27-8233e467edb6,teach train driving principles,"Provide on-site trainings to trainees on how to operate and drive trains. Instruct them in theories and techniques on matters such as control panels, security signs, security measures, and procedures in train stations."
http://data.europa.eu/esco/skill/3bb6f78f-24f3-4799-b247-91a0c4bf5d81,analyse call centre activities,"Research data such as call time, waiting time for customers and review company targets to seek measures to improve service level and customer satisfaction."
http://data.europa.eu/esco/skill/3bddfd7c-ab6d-40c2-883d-5e97fb7640ba,create software design,Transpose a series of requirements into a clear and organised software design.
http://data.europa.eu/esco/skill/3bf7e0ee-2580-41e8-924d-9d504dc98546,manage mine site data,"Capture, record and validate spatial data for the mine site."
http://data.europa.eu/esco/skill/3c1af34b-4562-4c39-a30e-0812b84a147e,use specialised design software,Developing new designs mastering specialised software.
http://data.europa.eu/esco/skill/3c4c3fa1-d638-42df-8e98-2a38021da6f9,use software for data preservation,Utilise specialised applications and software to collect and preserve digital information.
http://data.europa.eu/esco/skill/3c6fe585-7d12-4315-b579-e30c042088ce,use computer-aided engineering systems,Use computer-aided engineering software to conduct stress analyses on engineering designs.
http://data.europa.eu/esco/skill/3c748b49-fe85-42f6-b62d-b877bc8edb29,observe celestial objects,"Study the relative positions and movements of stars and planets, by using and interpreting data provided by specialised software and publications such as ephemeris."
http://data.europa.eu/esco/skill/3c76296d-4bbd-44ba-8eaa-95bf275f79b7,manage ICT project,"Plan, organize, control and document procedures and resources, such as human capital, equipment and mastery, in order to achieve specific goals and objectives related to ICT systems, services or products, within specific constraints, such as scope, time, quality and budget."
http://data.europa.eu/esco/skill/3cc1ee94-ab2c-4f35-8171-3cf4b5b664e4,digital compositing,"The process and software for digitally assembling multiple images to make one, final image."
http://data.europa.eu/esco/skill/3cd0ee1e-73b1-487e-b186-2e0c4fc3720f,assess telecommunication infrastructure issues,"Evaluate problems in telecommunication infrastructure by using specialised methods, applications and tools to find weaknesses and stress points in a network and elements of the infrastructure regarding aspects such as electronics, power supply and temperature."
http://data.europa.eu/esco/skill/3cd569a2-4f88-4c1e-9995-8dce8c5e51a7,JavaScript,"The techniques and principles of software development, such as analysis, algorithms, coding, testing and compiling of programming paradigms in JavaScript."
http://data.europa.eu/esco/skill/3cee858e-79e8-4a4b-b99f-93c7f735d58b,DB2,"The computer program IBM DB2 is a tool for creating, updating and managing databases, developed by the software company IBM."
http://data.europa.eu/esco/skill/3d03c40c-1b83-4793-8902-2523f40af59e,Microsoft Access,"The computer program Access is a tool for creating, updating and managing databases, developed by the software company Microsoft."
http://data.europa.eu/esco/skill/3d957fb2-b8f4-4b4c-b955-23299c761ad5,design web-based courses,"Create web-based training and instruction courses using dynamic and static online tools to deliver learning outcomes to the audience of the course. Web tools used here can include streaming video and audio, live internet broadcasts, information portals, chatrooms and bulletin boards."
http://data.europa.eu/esco/skill/3dbb132f-fb62-4227-8277-7c89a9fe4749,compile appraisal reports,"Compile full reports of appraisals of properties, businesses, or other goods and services being appraised using all the data gathered during the appraisal and valuation process, such as financial history, ownership, and developments."
http://data.europa.eu/esco/skill/3e23db60-0c3d-498a-a6ac-ffbed0ecb033,ICT accessibility standards,"The recommendations for making ICT content and applications more accessible to a wider range of people, mostly with disabilities, such as blindness and low vision, deafness and hearing loss and cognitive limitations. It includes standards such as Web Content Accessibility Guidelines (WCAG)."
http://data.europa.eu/esco/skill/3e2ab38a-4519-4bef-b762-a8bf4836a775,perform dimensionality reduction,"Reduce the number of variables or features for a dataset in machine learning algorithms through methods such as principal component analysis, matrix factorization, autoencoder methods, and others."
http://data.europa.eu/esco/skill/3e3f2ff8-cf80-4415-ac6a-020d52b175c1,split bricks,"Use the appropriate tools to trim, split and shape bricks for use in walls. Use a mason's hammer for occasional shaping, and a hammer and chisel for larger quantities or when the split has to be especially straight."
http://data.europa.eu/esco/skill/3e42adbb-8089-49b7-bdfe-b9cd7247b26b,practise veterinary professional codes of conduct,Adhere to veterinary professional codes of practice and legislation.
http://data.europa.eu/esco/skill/3e5c6279-457f-429a-a53a-d27d4d38a10a,well testing operations,"Testing procedures, such as volumetric flow testing and pressure testing, which describe the ability of the well to produce oil."
http://data.europa.eu/esco/skill/3e71ddfd-fff4-4c8d-a510-a46f4e2edb6b,medical device test procedures,"The methods of testing the quality, accuracy, and performance of medical devices and their materials and components before, during, and after the building of the systems."
http://data.europa.eu/esco/skill/3e75d405-c3d1-4a66-9963-05a9397d68fb,printed circuit boards testing methods,"Printed circuit board (PCB) testing methods consist of those processes in which PCB components or systems are tested, such as the in-circuit test (ICT), joint test action group (JTAG) test, and automated optical inspection (AOI)."
http://data.europa.eu/esco/skill/3e8e862d-2f1a-40c6-bb6d-d1d7eeb78854,analyse large-scale data in healthcare,"Carry out large-scale data gathering such as questionnaire surveys, and analyse the obtained data."
http://data.europa.eu/esco/skill/3ec2e4d6-7000-4905-bf1a-c5b1679416de,data warehouse,The data storage system that analyses and reports on data such as a data mart.
http://data.europa.eu/esco/skill/3ed454aa-1f92-46eb-ac8a-f860265dab5e,implement relevant tactical skills to perform at the highest level in sport,"Identify the tactical demands of your sport and work with the coaching and supporting team (e.g. coaches, physiotherapist, nutritionist, psychologist) to implement an adapted programme to achieve the targeted highest level performance."
http://data.europa.eu/esco/skill/3eefc2c7-d5a6-4340-9277-d908e4e0e1bd,ensure vessel security,Ensure that security requirements for vessels are met according to legal norms. Check if the security equipment is in place and operational. Communicate with marine engineers to ensure that the technical parts of the vessel functioning effectively and can perform as necessary for the upcoming journey.
http://data.europa.eu/esco/skill/3f2bb5b8-49bf-4ff1-94a5-09fb53e27d92,train security officers,"Instruct, train and further educate security officers."
http://data.europa.eu/esco/skill/3f4dab51-572b-4e2c-85ef-3b4c3f7094e1,XQuery,The computer language XQuery is a query language for retrieval of information from a database and of documents containing the needed information. It is developed by the international standards organisation World Wide Web Consortium.
http://data.europa.eu/esco/skill/3f6dc31c-ceef-4e93-9d8a-b4b862cf9b51,test electrical equipment,"Test electrical systems, machines, and components and check electrical properties, such as voltage, current, resistance, capacitance, and inductance, using electrical testing and measuring equipment, such as a multimeter. Gather and analyse data. Monitor and evaluate system performance and take action if needed."
http://data.europa.eu/esco/skill/3fa19ac8-5519-4bfc-9284-3473b6081002,maintain service record book,"Maintain service record book, in which data related to the on-board time, activities, signatures of skippers, and other details are recorded."
http://data.europa.eu/esco/skill/3ff589b7-68df-4ea5-ae41-b395bdb2378f,ICT security standards,"Best practices and guidelines established for securing information and communication technology (ICT) systems and data. Standards as is the case of ISO 27000 series, provide a framework for implementing effective security controls, including access control, risk assessment and incident management, as well as to provide compliance of anorganisation."
http://data.europa.eu/esco/skill/40001d93-8937-4859-89d5-2dca53290ff4,share through digital technologies,"Share data, information and digital content with others through appropriate digital technologies. Act as an intermediary, know about referencing and attribution practices."
http://data.europa.eu/esco/skill/401eb8d8-6daa-4f8b-90ad-60afc71eb4f8,Perl,"The techniques and principles of software development, such as analysis, algorithms, coding, testing and compiling of programming paradigms in Perl."
http://data.europa.eu/esco/skill/4064716d-6714-48ea-95a0-ef81c2b31672,mine safety legislation,"The laws, regulations and codes of practice relevant to safety in mining operations."
http://data.europa.eu/esco/skill/406cff78-4aa9-427e-9d56-ad998041cb92,blood transfusion,"The procedures involved in blood transfusions, including compatibility and disease testing, by means of which blood is transferred into blood vessels, taken from donors with the same blood type."
http://data.europa.eu/esco/skill/40802f0d-d400-404c-bc26-f9ba4eb6195a,test ground system performance,Develop test strategies for complex software and hardware products; include troubleshooting and system support; calculate system performance.
http://data.europa.eu/esco/skill/40c815cd-30a2-42e5-a549-bf9017cb6df3,distribute control signals,"Distribute control signals between light boards, dimmers and other lighting equipment. Control systems can be either DMX or network based."
http://data.europa.eu/esco/skill/412d1d99-5624-478e-8bc7-dddebed44bab,provide door security,Spot and monitor individuals or groups of people at the door who intend to enter the premises unlawfully or have potential for causing threats.
http://data.europa.eu/esco/skill/418765cd-77f9-4c6f-8b00-e56ebec767bb,weigh materials,"Weigh materials and products, record weight and other relevant data on tags or labels."
http://data.europa.eu/esco/skill/418a56a2-7cfc-4b6d-8cf5-5c2add99a849,provide ICT system training,"Plan and conduct training of staff on system and network issues. Utilise training material, evaluate and report on the learning progress of trainees."
http://data.europa.eu/esco/skill/419d9b5b-0456-477f-b06c-0bd03628f41d,protect important clients,Keep clients safe who have extraordinary level of risk by organising and providing the relevant security.
http://data.europa.eu/esco/skill/41ec47dd-08b3-464a-9c45-c706f3e74467,industrial software,"The selection of software that aids in estimating, managing and scheduling industrial processes such as design, work flow and production improvement."
http://data.europa.eu/esco/skill/41f2f9bf-1440-49f7-bbb1-2c3c3ea93f76,analyse blockchain use cases,"Analyse blockchain use cases in different sectors against their needs in terms of blockchain technology and architecture. Particularly, key blockchain use cases in Business, Finance and Banking such as International Payments, Peer-to-Peer Transactions, Capital Markets, Trade Finance or Regulatory Finance and Audit."
http://data.europa.eu/esco/skill/4216e465-7baa-4884-a241-54b197bb9278,perform data mining,"Explore large datasets to reveal patterns using statistics, database systems or artificial intelligence and present the information in a comprehensible way."
http://data.europa.eu/esco/skill/4246db3e-b5e2-43d4-a0cf-f799743e534b,manage gambling game,Observe and review the history data of the game of players and analyse their profile to enable proactive management of the gaming operation. Involve Gaming Managers into the review process in a regular basis in order to assist where needed.
http://data.europa.eu/esco/skill/42645b84-0699-4072-b9cf-335512434b67,legal use-of-force,"The characteristics of the use-of-force, which is a legal doctrine employed by police and army forces, to regulate acts of violence during interventions. Use-of-force is ought to balance security needs with ethical concerns for the rights and well-being of intruders or suspects."
http://data.europa.eu/esco/skill/426c1016-5a78-4357-9734-9cf5127d4fb7,assess employees' capability levels,Evaluate the capabilities of employees by creating criteria and systematic testing methods for measuring expertise of individuals within an organisation.
http://data.europa.eu/esco/skill/426ceaba-6867-481c-bb6b-aee3933da7d2,ICT safety,"Personal protection, data protection, digital identity protection, security measures, safe and sustainable use."
http://data.europa.eu/esco/skill/42c3287f-5e50-4559-a2d1-2000c70e0aab,Pentaho Data Integration,"The computer program Pentaho Data Integration is a tool for integration of information from multiple applications, created and maintained by organisations, into one consistent and transparent data structure, developed by the software company Pentaho."
http://data.europa.eu/esco/skill/42cb7669-c371-4903-9c0b-13db67b2e4bb,emergent technologies,"The recent trends, developments and innovations in modern technologies such as biotechnology, artificial intelligence and robotics."
http://data.europa.eu/esco/skill/42ed3bfb-1a01-4c8b-9758-fc6438865734,Smalltalk (computer programming),"The techniques and principles of software development, such as analysis, algorithms, coding, testing and compiling of programming paradigms in Smalltalk."
http://data.europa.eu/esco/skill/4350c38d-0fe9-4ca7-bab9-40ed7f72b04f,PHP,"The techniques and principles of software development, such as analysis, algorithms, coding, testing and compiling of programming paradigms in PHP."
http://data.europa.eu/esco/skill/438ff259-d086-4004-acda-1ec3e1631bc6,software anomalies,"The deviations of what is standard and exceptional events during software system performance, identification of incidents that can alter the flow and the process of system execution."
http://data.europa.eu/esco/skill/43ae58b9-5e56-4524-b45a-b422777a0576,database,"The classification of databases, that includes their purpose, characteristics, terminology, models and use such as XML databases, document-oriented databases and full text databases."
http://data.europa.eu/esco/skill/43dfbe7f-9e10-4871-b171-e5076737b4cf,digital marketing techniques,"The marketing techniques used on the web to reach and engage with stakeholders, customers and clients."
http://data.europa.eu/esco/skill/43ec6db6-33f7-449b-a566-5779a7e8997a,OpenEdge Database,"The computer program OpenEdge Database is a tool for creating, updating and managing databases, developed by the software company Progress Software Corporation."
http://data.europa.eu/esco/skill/440d5784-52a5-4729-8b04-29f978bd896d,respond to incidents in cloud,Troubleshoot issues with the cloud and determine how to restore operations. Design and automate disaster recovery strategies and evaluate a deployment for points of failure.
http://data.europa.eu/esco/skill/440f64e5-e66c-45ee-bc29-53c14a2ad720,use geographic information systems,Work with computer data systems such as Geographic Information Systems (GIS).
http://data.europa.eu/esco/skill/4463a721-69f3-413d-8321-43e3af13a4f1,use databases,"Use software tools for managing and organising data in a structured environment which consists of attributes, tables and relationships in order to query and modify the stored data."
http://data.europa.eu/esco/skill/446d29ed-9eaa-4798-bb91-5f196651ad0a,create game testing software,"Develop software to test and evaluate online and land-based gambling, betting and lottery games."
http://data.europa.eu/esco/skill/449d119b-2d66-43a9-9230-7d27f16afbb6,Xcode,"The computer program Xcode is a suite of software development tools for writing programs, such as compiler, debugger, code editor, code highlights, packaged in a unified user interface. It is developed by the software company Apple."
http://data.europa.eu/esco/skill/44b1a100-7240-4943-9133-d8c6d1f0b50a,operate stowage programmes,"Operate stowage programmes used for controlling stability in vessels, loading operations, and cargo planning processes. Interpret graphical interfaces, stowage data and scenario variables."
http://data.europa.eu/esco/skill/4503c65f-2bd0-4aa5-91cd-4188c7e5e31b,supercomputing,"The process of dealing with complex data-related problems through multiple computers working in parallel (i.e., a supercomputer). It is used in several fields such as quantum mechanics, molecular modeling, aerodynamics and nuclear fusion research."
http://data.europa.eu/esco/skill/4515f6b6-76e7-4005-9fd8-6db8b84396b3,liaise with well test engineers,Establish relationships with well testing engineers in order to optimise procedures.
http://data.europa.eu/esco/skill/451c8010-7dbb-4f96-b4d4-0955766d9eff,improve chemical processes,"Collect data required to make improvements or modifications to chemical processes. Develop new industrial processes, design new process plants/equipment or modify existing ones."
http://data.europa.eu/esco/skill/45205440-fa65-44e0-a719-e89278dd723a,follow ethical code of conduct of gambling,"Follow the rules and ethical code used in gambling, betting and lottery. Keep the entertainment of players in mind."
http://data.europa.eu/esco/skill/455a7133-cf0f-4c74-a91f-fd35c0d25b79,install mechatronic equipment,Install equipment used for the automation of a specific machine or device.
http://data.europa.eu/esco/skill/4570a262-b51f-46a1-a834-13ff67bee1c8,decentralised identifiers,"The knowledge of decentralised identifiers (DIDs). DIDs enable verifiable and decentralised digital identity related to different subjects determined by the controllers of these descentralised identifiers (e.g. an organisation, individual person, data model, abstract entity)."
http://data.europa.eu/esco/skill/4579d794-f8ae-4c07-86c4-340829ff4863,promote the conservatory,"Maintain a positive image of the conservatory and use personal network in the best interest of the conservatory, such as establishing valuable artistic and financial connections."
http://data.europa.eu/esco/skill/4588210c-b3d5-4d24-bc4d-da8b5394f7a8,manage electronic logistics for sound equipment,"Manage electronic logistics of sound equipment used for broadcasting, mixing, and taping."
http://data.europa.eu/esco/skill/459f76d9-8534-4880-aa23-209179ea5080,monitor packaging operations,Observe and supervise the packaging operations undertaken by the workers for compliance to production requirements. Check products for proper packaging such as labelling and date coding in order to ensure appropriate and safe transportation.
http://data.europa.eu/esco/skill/45f1ae17-c20d-40fc-9307-7d33b6ca9213,image recognition,"A process designed to detect and identify a feature or object in an image or video. This process is used in medical imaging, security surveillance or defect detection, among other fields. Key technique for a wide range of applications such as automated driving, image classification, or visual inspection."
http://data.europa.eu/esco/skill/4692f319-49b9-448e-8fa3-fabb75666b56,define roles of supporting team for community arts programme,"Define the roles of other professional figures like health workers, physiotherapists, learning support workers in the development of community art programmes."
http://data.europa.eu/esco/skill/46990b9b-746e-481d-a66a-0cac3f07dfac,find trends in geographic data,Analyse geographic data to find relationships and trends such as population density.
http://data.europa.eu/esco/skill/46e1b714-94f4-462d-88e6-31f442708812,define manufacturing quality criteria,"Define and describe the criteria by which data quality is measured for manufacturing purposes, such as international standards and manufacturing regulations."
http://data.europa.eu/esco/skill/46e93774-7c6a-4dc5-bae9-be97cc461093,inter-organisational middleware system,"A software infrastructure that acts as an intermediary layer between applications to enable data exchange, interoperability and communication. It aims to provide standardised protocols and services between organisations to promote their interaction."
http://data.europa.eu/esco/skill/46ec0033-3c71-415e-bcff-b065675ba2dc,integrate ICT data,Combine data from sources to provide unified view of the set of these data.
http://data.europa.eu/esco/skill/46fbc5cb-e6df-4355-8483-a4ccb819f753,calibrate optical instruments,"Correct and adjust the reliability of optical instruments, such as photometers, polarimeters, and spectrometers, by measuring output and comparing results with the data of a reference device or a set of standardised results. This is done in regular intervals which are set by the manufacturer."
http://data.europa.eu/esco/skill/4720fc66-0202-4a4b-bbe8-129d908e5a15,prevent technical problems with media integration systems,"Adapt the use of media integration equipment and software to prevent undesired changes in the overall image and design, safeguarding the overall performing arts or event production quality. Including physical issues as well as digital ones like latency, interference or processor load."
http://data.europa.eu/esco/skill/479944ef-8d2c-4279-b3d1-2b85c761fb30,manage radiology information system,"Develop and maintain a database to store, manage and distribute radiological images and data."
http://data.europa.eu/esco/skill/47a2917b-a771-4687-90fc-5562523cf4a6,use performance 3D visualisation techniques,"Visualise a performance environment using 3D applications and pre-visualisation software. Create a proof of concept for the technical design using 3D CGI, mock-up or scale model."
http://data.europa.eu/esco/skill/47a49cd6-097d-457a-9f7b-c290c14930d5,analyse big data,"Collect and evaluate numerical data in large quantities, especially for the purpose of identifying patterns between the data."
http://data.europa.eu/esco/skill/47b9bbcf-356c-4782-83a4-7f5a1b2b51a3,Assembly (computer programming),"The techniques and principles of software development, such as analysis, algorithms, coding, testing and compiling of programming paradigms in Assembly."
http://data.europa.eu/esco/skill/4840338b-ac6c-486a-be1d-9ddfe00b8bdf,Spiral development,The spiral development model is a methodology to design software systems and applications.
http://data.europa.eu/esco/skill/484d048c-a5d1-46a5-b57f-45b69c0ac552,analyse pipeline database information,"Retrieve and analyse different types of information extracted from the databases of pipelines companies. Analyse information such as risks, project management KPIs (key performance indicators), goods transportation times, and document back-up processes."
http://data.europa.eu/esco/skill/484df271-bb52-49f1-8f50-f19624bf4df2,software components libraries,"The software packages, modules, web services and resources that cover a set of related functions and the databases where these reusable components can be found."
http://data.europa.eu/esco/skill/4854595e-b2bb-4013-89ca-45d790d00ce6,test moisture content,Test the moisture content using a moisture testing apparatus.
http://data.europa.eu/esco/skill/4857f14e-e652-417c-87ec-43d8ee312ab5,assess sugar levels in tobacco leaves,"Assess levels of sugar in tobacco leaves by referring to the curing and fermentation methods of the tobacco, by using different tools and equipment for testing."
http://data.europa.eu/esco/skill/48db96bf-3314-45c6-bad8-fdb6e20e5639,data engineering,The process of developing and constructing systems for implementing data collection and analysis at large scale.
http://data.europa.eu/esco/skill/48f480aa-c9a8-4552-b1c5-e94330912257,road traffic laws,"The rule governing the circulation of vehicles, such as national traffic codes and the rules of the road."
http://data.europa.eu/esco/skill/49047409-9307-4b41-9b04-a9615f049044,investment banking,The branch of banking that provides services of capital raising and mergers and acquisitions (M&A).
http://data.europa.eu/esco/skill/4918ec9a-0204-4935-8b09-b0112370daa8,establish an Information Security Management System,"Design, apply, monitor and review an Information Security Management System (ISMS) that preserves the confidentiality, integrity and availability of information by applying a risk management process, and gives confidence to interested parties regarding the adequate management of such cybersecurity-related risks."
http://data.europa.eu/esco/skill/49212efd-acf0-4257-a011-e07c9e369ecf,animal welfare legislation,"The legal boundaries, codes of professional conduct, national and EU regulatory frameworks and legal procedures of working with animals and living organisms, ensuring their welfare and health."
http://data.europa.eu/esco/skill/49320ec7-65f9-4f90-bed2-2d41784f1836,compile GIS-data,Gather and organise GIS-data from sources such as databases and maps.
http://data.europa.eu/esco/skill/4959697d-3a24-4f46-af0c-b752318e6c54,ObjectStore,"The computer program ObjectStore is a tool for creating, updating and managing databases, developed by the software company Object Design, Incorporated."
http://data.europa.eu/esco/skill/495ce586-09d7-4cec-83d7-2821be6590c4,smart contract programming languages,"Essential Smart Contract programming languages include Solidity, Rust, JavaScript, Vyper and Yul."
http://data.europa.eu/esco/skill/499c05a2-6f36-4407-83c1-dc3448d35818,ensure public safety and security,"Implement the relevant procedures, strategies and use the proper equipment to promote local or national security activities for the protection of data, people, institutions, and property."
http://data.europa.eu/esco/skill/49f85a99-086c-45b6-a6fa-eb90305af7b1,Chef (tools for software configuration management),"The tool Chef is a software program which performs infrastructure configuration identification, control and automation aiming to ease the applications deployment."
http://data.europa.eu/esco/skill/49fcd628-1025-4e11-9feb-a24f64d0fced,seismic measurement techniques,Variety of seismic measurement and data-processing techniques. Seismic mapping in two or three dimensions.
http://data.europa.eu/esco/skill/4a193795-fa63-414e-9f2e-bfdb3924571e,handle data samples,Collect and select a set of data from a population by a statistical or other defined procedure.
http://data.europa.eu/esco/skill/4a2a63e6-5c62-43a0-a375-fdf4c2805270,customise software for drive system,Adapt and customise software to the specific machine or application.
http://data.europa.eu/esco/skill/4a466c62-db7d-4905-9a41-f23214810acb,GIMP (graphics editor software),The computer program GIMP is a graphical ICT tool which enables digital editing and composition of graphics to generate both 2D raster or 2D vector graphics. It is developed by The GIMP Development Team.
http://data.europa.eu/esco/skill/4a92d8ce-ffd6-4da5-a50e-ef1bff5cc219,government social security programmes,"The different areas of social security provided by the government, the different rights which citizens have, which benefits are available, the rules which regulate social security and the different situations in which they apply."
http://data.europa.eu/esco/skill/4af2461d-02b4-4fca-a070-c6399a6f1fb4,analyse oil operations data,"Record and process oil operating data. Comprehend and analyse documents, instruments and data results of laboratory analyses."
http://data.europa.eu/esco/skill/4b3ae518-6746-4487-8d3b-4cfc063a43d0,use business simulation tools,"Employ software to perform simulations to improve business skills such as business acumen, financial and market analysis and decision making."
http://data.europa.eu/esco/skill/4b88b1ee-c2d9-473a-9fe8-ba3b9c0c179a,implement ICT coding conventions,"Apply guidelines for ICT programming techniques, such as conventions, code design patterns and practices to achieve higher security, reliability, better readability and maintenance of the product."
http://data.europa.eu/esco/skill/4b9cf8e3-5b00-49ee-9d2f-bb78d6b46493,communicate with external laboratories,Communicate with the external analytical laboratories in order to manage the required external testing process.
http://data.europa.eu/esco/skill/4babe92a-68a1-4718-b1ab-640735c2cd53,test electromechanical systems,"Test electromechanical systems, machines, and components using appropriate equipment. Gather and analyse data. Monitor and evaluate system performance and take action if needed."
http://data.europa.eu/esco/skill/4bd422bb-6ea3-4161-a908-53c0f5a1bb00,animal production science,"Animal nutrition, agronomy, rural economics, animal husbandry, hygiene and bio-security, ethology, protection and herd health management."
http://data.europa.eu/esco/skill/4c016b68-4116-468c-9dc6-42710c239e4a,C#,"The techniques and principles of software development, such as analysis, algorithms, coding, testing and compiling of programming paradigms in C#."
http://data.europa.eu/esco/skill/4ccf7d02-764c-4129-a1df-fa1dd2e12647,meet building regulations,"Communicate with construction inspection, e.g. by submitting schemes and plans, to make sure all construction regulations, laws and codes are dealt with correctly."
http://data.europa.eu/esco/skill/4cdbc76c-75d8-4e12-8653-4820c2d5446f,microsystem test procedures,"The methods of testing the quality, accuracy, and performance of microsystems and microelectromechanical systems (MEMS) and their materials and components before, during, and after the building of the systems, such as parametric tests and burn-in tests."
http://data.europa.eu/esco/skill/4ce06d6b-f3df-40b6-b950-570be5008032,analyse scanned data of the body,"Analyse 3D scanned data for the development of prototypes, of avatars, for the creation of size charts, the garment pattern modification, alteration and manipulation, and for testing fit."
http://data.europa.eu/esco/skill/4cecff40-8e5c-4320-a87d-be8687008dbf,inspect facility sites,Inspect the land of a possible construction site for distribution facilities by measuring and interpreting various data and calculations by using the appropriate equipment. Check if the field work is conform with plans and specifications.
http://data.europa.eu/esco/skill/4d313147-b39d-413f-a5e2-b12d5f0dc9e6,give interviews to media,"Prepare oneself according to the context and the diversity of media (radio, television, web, newspapers, etc.), and give an interview."
http://data.europa.eu/esco/skill/4d3f3068-9b6a-4f33-bfa5-a7b298bfd303,medical statistics,"The methods used to summarise, collect, present, and interpret data in medical practice. The use of the obtained data to estimate and test hypotheses in the medical field."
http://data.europa.eu/esco/skill/4d614c92-0c48-4a11-a5ed-416b34fd50d2,manage healthcare users' data,"Keep accurate client records which also satisfy legal and professional standards and ethical obligations in order to facilitate client management, ensuring that all clients' data (including verbal, written and electronic) are treated confidentially."
http://data.europa.eu/esco/skill/4d6a1837-93df-4a81-b424-74e1a8ed2f03,multimodal transport logistics,"The logistical supporting activities related to multimodal transport. The different elements of a multimodal system for the movement of goods or people, and all related advantages in terms of time and cost reduction, increased security and reduced risks and reduction of administrative burdens."
http://data.europa.eu/esco/skill/4d85b881-e490-4b4c-897a-2faa4ef53956,manage ICT data architecture,"Oversee regulations and use ICT techniques to define the information systems architecture and to control data gathering, storing, consolidation, arrangement and usage in an organisation."
http://data.europa.eu/esco/skill/4d97e3c3-f335-47cc-a4ee-0d779fd42222,"manage data, information and digital content","Organise, store and retrieve data, information and content in digital environments. Organise and process them in a structured environment."
http://data.europa.eu/esco/skill/4da171e5-779c-4983-a76f-91c16751e99f,MySQL,"The computer program MySQL is a tool for creating, updating and managing databases, currently developed by the software company Oracle."
http://data.europa.eu/esco/skill/4da4587a-fd0b-4ca2-886c-c42a1562d432,design cloud networks,"Apply cloud networking concepts and implement connectivity services of cloud. Given customer requirements, define network architectures on cloud, propose optimized designs based on the evaluation of an existing implementation. Evaluate and optimize cost allocations given a network design, its cloud resources, and application data flow."
http://data.europa.eu/esco/skill/4e2d4d0a-fd08-4a02-994c-38d989ad9184,glassworking,"The process of melting, working and shaping glass to create individual products or pieces of glasswork."
http://data.europa.eu/esco/skill/4e6d2538-a48e-48a7-8dad-14b067cfcb8b,TripleStore,The RDF store or TripleStore is a database used for storage and retrieval of Resource Description Framework triples (subject-predicate-object data entities) which can be accessed by semantic queries.
http://data.europa.eu/esco/skill/4e8ad2b8-d80c-4701-91aa-cd874142ef2d,network marketing,The specific marketing strategy that focuses on direct marketing and the sale of products to acquaintances or people in their network. This strategy also includes the recruiting of other people to be sales representatives and to represent the company.
http://data.europa.eu/esco/skill/4f060129-8b75-4d58-a8dd-515bd8fef349,develop financial statistics reports,Create financial and statistical reports based on collected data which are to be presented to managing bodies of an organisation.
http://data.europa.eu/esco/skill/4f0f80f1-2041-462c-b5a2-34641cec6397,perform green machining,"Finish the shaping process of ceramics after forming by performing several green machining operations such as grinding, blanking and punching."
http://data.europa.eu/esco/skill/4f1afd9d-77a7-40f8-a3c7-fe18b984ce43,telecommunication trunking,The method of providing network access to many clients while keeping smaller number of connection components by grouping and sharing connection circuits and frequencies.
http://data.europa.eu/esco/skill/4f449a5e-302a-4d02-808f-a7e687532400,provide petroleum engineering support,Provide assistance during exploration sessions. Plan well operations and gather relevant data. Perform oversight and post-well analyses.
http://data.europa.eu/esco/skill/4f5c1208-62fd-4e5a-a51e-306c06947e11,manage findable accessible interoperable and reusable data,"Produce, describe, store, preserve and (re) use scientific data based on FAIR (Findable, Accessible, Interoperable, and Reusable) principles, making data as open as possible, and as closed as necessary."
http://data.europa.eu/esco/skill/4f5ccaad-0e4f-4e9f-8246-47765564387d,upgrade firmware,"Update basic or integrated software included in devices, network components and embedded systems."
http://data.europa.eu/esco/skill/4f7fa632-15a6-4739-930b-abbac8055a80,firmware,"Firmware is a software program with a read-only memory (ROM) and a set of instructions that is permanently inscribed on a hardware device. Firmware is commonly used in electronic systems such as computers, mobile phones, and digital cameras."
http://data.europa.eu/esco/skill/4f992952-f3ea-473b-9562-183194966704,sell gaming software,"Sell games, consoles, gaming computers and gaming software."
http://data.europa.eu/esco/skill/4fbe3e87-6f12-4764-b6ea-dce1adf4547f,use artistic materials for drawing,"Use artistic materials such as paint, paintbrushes, ink, watercolours, charcoal, oil, or computer software to create artwork."
http://data.europa.eu/esco/skill/4fdaf8fd-98ed-46bf-b6e5-f94e6b083175,assess carriers,"Evaluate carrier performance. Evaluate strengths and weaknesses, network and infrastructure."
http://data.europa.eu/esco/skill/501537a7-9d63-491d-ae02-09f04767ff1e,attack vectors,"Paths or methods that threat actors use to exploit vulnerabilities in information networks or systems from a concrete organisation and impact its availability, integrity and confidentiality. Attack vectors may include social engineering tactics such as phishing mails or pretexting, technical exploits as SQL injection as well as buffer overflow attacks."
http://data.europa.eu/esco/skill/5056e290-959e-4e7c-a34f-69ea02417c7d,cross-matching techniques for blood transfusions,The testing methods used prior to a blood transfusion to identify if the donor`s blood is compatible with the blood of a specific recipient.
http://data.europa.eu/esco/skill/50597e96-9b6a-4736-ac79-dd80f36c0269,Metasploit,The framework Metasploit is a penetration testing tool which tests security weaknesses of the system for potentially unauthorised access to system information. The tool is based on the concept of 'exploit' which implies executing code on the target machine this way taking advantage of the bugs and vulnerabilities of the target machine.
http://data.europa.eu/esco/skill/505e4ef3-7ce4-437d-b7b4-5c608f71c258,build recommender systems,Construct recommendation systems based on large data sets using programming languages or computer tools to create a subclass of information filtering system that seeks to predict the rating or preference a user gives to an item.
http://data.europa.eu/esco/skill/5063a99f-975b-4a7c-85e3-69ecb375b4d3,internet governance,"The principles, regulations, norms and programs that shape the evolution and use of internet, such as internet domain names management, registries and registrars, according to ICANN/IANA regulations and recommendations, IP addresses and names, name servers, DNS, TLDs and aspects of IDNs and DNSSEC."
http://data.europa.eu/esco/skill/509909a2-4a8f-4ead-8ad0-968df63b77cc,social media marketing techniques,The marketing methods and strategies used to increase attention and website traffic through social media channels.
http://data.europa.eu/esco/skill/50b100ea-74fd-4706-99db-3e4ca55e51b8,perform data cleansing,"Detect and correct corrupt records from data sets, ensure that the data become and remain structured according to guidelines."
http://data.europa.eu/esco/skill/50be6d0d-2eee-403f-ac4a-a550681684ae,develop store design,"Develop visual concepts and strategies to promote retail brands, products and services, for in-store design, catalogue design and web shop design."
http://data.europa.eu/esco/skill/50cc917d-72b0-4eda-8114-79569308f82a,ensure data protection in aviation operations,Ensure that sensitive information is protected and used only for safety-related purposes in aviation.
http://data.europa.eu/esco/skill/50f8b1de-747c-4967-9732-3db89c365261,perform chemical experiments,Perform chemical experiments with the aim of testing various products and substances in order to draw conclusions in terms of product viability and replicability.
http://data.europa.eu/esco/skill/511eaf45-f585-4198-9c8d-9dbedb22b1b2,sell software products,Sell software programs and applications to customers according to their personal needs.
http://data.europa.eu/esco/skill/51204251-6476-4e6c-ac4d-68384969f284,monitor gaming room,Pay close attention to the gaming room and notice details to make sure operations run smoothly and that security is ensured.
http://data.europa.eu/esco/skill/51586df8-1c46-4b47-8583-773cb63bf00b,R,"The techniques and principles of software development, such as analysis, algorithms, coding, testing and compiling of programming paradigms in R."
http://data.europa.eu/esco/skill/51d094d1-dcd6-4d83-a478-d1e299321f67,perform transcranial magnetic stimulation,"Perform non-invasive electromagnetic stimulation of the brain using a rapidly changing magnetic field, in order to cause activity in specific or general parts of the brain and study the brain`s functioning and interconnections."
http://data.europa.eu/esco/skill/51e79cb4-fab3-404c-88f3-cd4a1bd5879e,deal with emergency care situations,"Assess the signs and be well-prepared for a situation that poses an immediate threat to a person's health, security, property or environment."
http://data.europa.eu/esco/skill/51ece34f-c24e-4183-9bf4-9b6f28748aec,maintain healthcare user data confidentiality,Comply with and maintain the confidentiality of healthcare users` illness and treatment information.
http://data.europa.eu/esco/skill/521346cd-f6b7-4dfc-aad5-7a17fd9b27a3,work in a land-based team,Collaborate with others in a team for land-based machinery activities regarding services for agricultural production and landscaping.
http://data.europa.eu/esco/skill/52739347-5eaa-4c9e-8cde-af7d2ba83320,model electromagnetic products,Model and simulate the designed electromagnets or products utilising electromagnetism using technical design software. Assess the viability of the product and examine the physical parameters to ensure a successful production process.
http://data.europa.eu/esco/skill/52b38e90-3d05-4042-a9e2-d19dec8dd7c1,test hardware,"Test computer hardware systems and components using appropriate equipment and testing methods, such as the system test (ST), the ongoing reliability test (ORT), and the in-circuit test (ICT). Monitor and evaluate system performance and take action if needed."
http://data.europa.eu/esco/skill/52cf3037-ab53-4806-85ed-7fd21ea7f6a1,Groovy,"The techniques and principles of software development, such as analysis, algorithms, coding, testing and compiling of programming paradigms in Groovy."
http://data.europa.eu/esco/skill/52f537c2-bd6b-4d55-87d2-9b091c8de2e6,provide reports on routine meteorological observations,"Provide local routine reports for dissemination at the airport of origin including information on parameters such as wind direction and speed, visibility, runway visual range, cloud volume, and type, air temperature, etc."
http://data.europa.eu/esco/skill/53141450-2fa9-4890-a64e-7ffd4e1144be,use electronic health records management system,"Be able to use specific software for the management of health care records, following appropriate codes of practice."
http://data.europa.eu/esco/skill/53456d90-8c0d-4bd2-9f1b-312619b6e2a6,hardware testing methods,"Those processes in which hardware components or systems are tested, such as the system test (ST), the ongoing reliability test (ORT), and the in-circuit test (ICT)."
http://data.europa.eu/esco/skill/5354a726-ee64-4f34-90f8-8436f9f374b8,analyse ecological data,"Analyse and interpret ecological and biological data, using specialist software programs."
http://data.europa.eu/esco/skill/53780150-1581-4ae6-b435-34068c172caf,Vyper,"The techniques and principles of software development, such as analysis, algorithms, coding, testing and compiling of programming paradigms in Vyper."
http://data.europa.eu/esco/skill/540a1886-ab91-4324-9f63-568533fad853,maintain adequate medication storage conditions,Maintain proper storage and security conditions for medication. Comply with standards and regulations.
http://data.europa.eu/esco/skill/541561bc-510c-4a99-881c-2d8bf5a85462,use technical drawing software,Create technical designs and technical drawings using specialised software.
http://data.europa.eu/esco/skill/54556216-d322-4304-85af-359b358db1d8,automated sprinkler bulbs,"The different types of frangible sprinkler bulbs, which are designed to break at a certain temperature to trigger the sprinkler action. The colour codes of the enclosed fluids, signifying the temperatures at which the bulbs break due to the expansion of the enclosed fluid."
http://data.europa.eu/esco/skill/545c80e8-7ab2-42fe-af64-242211e94709,analyse network configuration and performance,"Analyse essential network data (e.g., router configuration files, routing protocols), network traffic capacity and performance characteristics of ICT networks, such as wide area network and local area network, that connect computers using cable or wireless connections and allow them to exchange data."
http://data.europa.eu/esco/skill/5475343c-5e75-415f-b431-17f3c20a347e,use production planning software,Use software that facilitates planning and scheduling in the manufacturing industry and enables the optimisation of resource allocation.
http://data.europa.eu/esco/skill/54924a2c-daca-40d3-9716-4b38ceb04f38,algorithms,"The self-contained step-by-step sets of operations that carry out calculations, data processing and automated reasoning, usually to solve problems."
http://data.europa.eu/esco/skill/54ae8c54-2aad-46fc-bff2-9d44d0ec7a6e,manage information access aids,"Develop and maintain information access aids such as databases, digital bibliographies, web pages, software programs and online tutorials."
http://data.europa.eu/esco/skill/54b4a91f-9db8-4b67-a20d-9b6ceb9c2315,online gambling,The activity of wagering money or virtual currencies on bets or online gambling games through websites or online software.
http://data.europa.eu/esco/skill/54c8490d-067a-40f1-96ca-4960a30d6eb5,participate as observer in different types of audits in the food sector,"Participate as an observer in audits for efficiency, safety, environmental, quality, and food safety on a regular basis."
http://data.europa.eu/esco/skill/54c8619a-3ae2-4e3c-8c05-a8f4586aa557,assist physiotherapists,Assist physiotherapists in the process involved in client management.
http://data.europa.eu/esco/skill/54c9c155-9293-4329-8ed2-2e76e8b519d4,define data quality criteria,"Specify the criteria by which data quality is measured for business purposes, such as inconsistencies, incompleteness, usability for purpose and accuracy."
http://data.europa.eu/esco/skill/54d774a3-de3b-4425-b0d7-c03bc99a0937,set up cybersecurity training programmes,"Design, develop and deliver educational activities (such as lectures and cyber ranges) to cover needs and/or raise awareness on cybersecurity."
http://data.europa.eu/esco/skill/54ddd422-5905-44db-93d4-03b17b913c5e,use CADD software,Use computer-aided design and drafting software to make detailed drawings and blueprints of designs.
http://data.europa.eu/esco/skill/553e1d2d-abf1-4b37-8ac4-c5c78a8edbc0,proxy servers,"The proxy tools which act as an intermediary for requests from users searching for resources e.g. files and web pages from other servers such as Burp, WebScarab, Charles or Fiddler."
http://data.europa.eu/esco/skill/554a5829-7383-47cc-9cad-5f9f69de4a79,apply regulations on cargo transport operations,"Display knowledge of relevant local, national, European and international regulations, standards, and codes concerning the operation of freight transport."
http://data.europa.eu/esco/skill/557c86b8-a0bc-4545-bb30-d141b1d60bc1,conduct clinical software research,"Oversee and undertake the necessary research to succesfully purchase, design, develop, test, train and implement software regarding clinical care and according to health plans guidelines."
http://data.europa.eu/esco/skill/557e9247-1a2d-4497-aa7f-0cded7768da1,Aircrack (penetration testing tool),"The computer program Aircrack is a cracking program which recovers 802.11 WEP and WPA-PSK keys by making several network attacks such as FMS, KoreK and PTW attacks."
http://data.europa.eu/esco/skill/55c16653-343c-4d02-a9de-7d8e864a4592,Codenvy,The tool Codenvy is a platform used to create on-demand workspaces in the cloud where developers can collaborate on coding projects and work together before they merge their work to the main repository.
http://data.europa.eu/esco/skill/55cc1f3f-69fc-46ec-b24a-9708f6bd92b4,use software tools for site modelling,Use software and other modelling tools to create simulations of and develop scenarios for possible outcomes of site operations. Use the information gathered from simulations and models for analysis and decision making.
http://data.europa.eu/esco/skill/5608d5a0-6d5e-43b7-be37-616501729bb4,artificial neural networks,A network of artificial neurons composed for solving artificial intelligence problems. These computing systems are inspired by the biological neural networks that constitute brains. Understanding of its general model and its elements. Knowledge of its use possibilities for automation.
http://data.europa.eu/esco/skill/56a10e3e-c9e7-4d39-b6f1-6013398fcb3a,use content management system software,"Use software that allows publishing, editing and modifying content as well as maintenance from a central interface."
http://data.europa.eu/esco/skill/56a7f561-1d55-43c9-9cd7-36a0a9bc6c50,ASP.NET,"The techniques and principles of software development, such as analysis, algorithms, coding, testing and compiling of programming paradigms in ASP.NET."
http://data.europa.eu/esco/skill/56d51dce-23bc-4135-a0a3-07d77cc1c0fd,select artistic materials to create artworks,"Select artistic materials based on strength, colour, texture, balance, weight, size, and other characteristics that should guarantee the feasibility of the artistic creation regarding the expected shape, color, etc.- even though the result might vary from it. Artistic materials such as paint, ink, water colours, charcoal, oil, or computer software can be used as much as garbage, living products (fruits, etc) and any kind of material depending on the creative project."
http://data.europa.eu/esco/skill/56dff862-b89f-4f0b-9e6f-e8a2a3dad0af,engage with rail stakeholders,"Maintain regular contact with stakeholders including railroad networks, other train companies, local authorities, service partners, rail passenger forums, retail outlets etc. in order to permanently ensure a smooth rail service."
http://data.europa.eu/esco/skill/571c8cb7-33f5-4a2e-999d-35688afed581,repair maritime communication equipment,Repair maritime communication devices as required by using electronic testing equipment.
http://data.europa.eu/esco/skill/57231a22-4da7-49c8-97b8-75672feadf1e,manage quantitative data,"Gather, process and present quantitative data. Use the appropriate programs and methods for validating, organising and interpreting data."
http://data.europa.eu/esco/skill/574032f3-e427-49ad-8d88-2341ac6e1a7d,operate seismic equipment,Move seismic equipment to different locations. Utilise seismometers. Observe recording equipment in order to detect anomalies and irregularities. Process and interpret seismic data both in 2D as in 3D.
http://data.europa.eu/esco/skill/574257ea-7b64-4100-b7b6-e27c233fe143,digital communication and collaboration,"Communicate in digital environments, share resources through online tools, link with others and collaborate through digital tools, interact with and participate in communities and networks, cross-cultural awareness."
http://data.europa.eu/esco/skill/5760a84e-c9a0-4c36-9bee-46a8cf1a036d,establish site security routines,Set up security routines on site.
http://data.europa.eu/esco/skill/57b47003-0f60-4b9f-841e-255bd9bd8b30,carry out covert security observations,"Perform observations in ways that preserve the covert security role, by dressing up, behaving and communicating with other colleagues or authorities appropriately."
http://data.europa.eu/esco/skill/58783f72-5098-4807-b1d1-954ec2ae94c4,Backbox (penetration testing tool),"The software BackBox is a Linux distribution which tests security weaknesses of the system for potentially unauthorised access to system information by information gathering, forensic, wireless and VoIP analysis, exploitation and reverse engineering."
http://data.europa.eu/esco/skill/58888680-07cd-4baa-8eb1-f846bff7e2d4,manage membership database,Add and update membership information and analyze and report on statistical membership information.
http://data.europa.eu/esco/skill/5898d99a-62a4-4e10-a2e3-0d815ce44248,cyber attack counter-measures,"Methods, technologies and techniques used to defend (detect, monitor and recover) against cyber attacks. These cyber attacks include several attack vectors such as malware, denial of service (DoS) attacks and phishing. Intrusion prevention systems (IPS), firewall, antivirus, intrusion detection systems (IDS), cybersecurity training, backup, Information Security Management System (ISM), multi-factor authentication and employ awareness, are some examples of the methods used."
http://data.europa.eu/esco/skill/58bfa8b2-f39f-40c3-8e5e-2dc0d26c7601,set up media integration systems,"Set up different types of light, sound, image and movement control boards and related equipment like tracking systems, media servers and control software and hardware."
http://data.europa.eu/esco/skill/58d7a289-dafd-4363-833f-d1dc4140885e,APL,"The techniques and principles of software development, such as analysis, algorithms, coding, testing and compiling of programming paradigms in APL."
http://data.europa.eu/esco/skill/58d8e348-8bbc-4827-9214-822b1ee0007a,advise on investment,Assess the customer's economic goals and advise on the possible financial investments or capital investments to promote wealth creation or safeguarding.
http://data.europa.eu/esco/skill/598de5b0-5b58-4ea7-8058-a4bc4d18c742,SQL,The computer language SQL is a query language for retrieval of information from a database and of documents containing the needed information. It is developed by the American National Standards Institute and the International Organization for Standardization.
http://data.europa.eu/esco/skill/598de5b0-5b58-4ea7-8058-a4bc4d18c742,SQL,The computer language SQL is a query language for retrieval of information from a database and of documents containing the needed information. It is developed by the American National Standards Institute and the International Organization for Standardization.
http://data.europa.eu/esco/skill/599b2e75-00e8-482f-9335-b2f9aca415f1,evaluate retail food inspection findings,"List, process and evaluate data gathered during retail food inspections undertaken in supermarkets or shops."
http://data.europa.eu/esco/skill/59cbf495-4939-4871-93de-a44fc3f33ce3,perform small vessel navigation,"Perform navigation of the vessel. Keep up to date nautical publications for safe navigation. Determine the vessel's position and trace the tracks properly to ensure safety. Perform safe navigation, complying with regulations so as to avoid collisions, groundings, beaching and prevent marine pollution. Interpret weather reports using data obtained or provided to ensure the safety of the vessel. Apply radar information. Manage communications following maritime protocols."
http://data.europa.eu/esco/skill/59ea80e1-463a-4dba-82c6-d0b6d577d532,technical drawings,"Drawing software and the various symbols, perspectives, units of measurement, notation systems, visual styles and page layouts used in technical drawings."
http://data.europa.eu/esco/skill/59f2dfec-ea06-4eb5-9e10-01578b2e8526,provide advanced clinical practice in physiotherapy,"Provide advanced clinical advice to individual clients or groups in relation to physiotherapy diagnosis and planning of complex interventions, supporting other physiotherapists in planning client care and in understanding the role and responsibilities of the advanced physiotherapist."
http://data.europa.eu/esco/skill/59fe85c4-8202-46ac-b6a5-e28ea25d1848,forecast account metrics,Make predictions on the movement of account measurements and data which give insight into an organisation's financial state in order to aid analyses and evaluate potential risks.
http://data.europa.eu/esco/skill/5a42eaf5-93bb-4bca-8ebd-4d78e96e4929,maintain students' discipline,Make sure students follow the rules and code of behaviour established in the school and take the appropriate measures in case of violation or misbehaviour.
http://data.europa.eu/esco/skill/5a7cc454-3a22-4144-8d7a-686d542f7327,security in industrial buildings,"Security procedures, characteristics, tasks and risks encountered in industrial areas such as factories, ports, warehouses and mines."
http://data.europa.eu/esco/skill/5ac355f2-1d26-419b-9c7a-73dea4c9e506,provide facilities for animal grooming services,Provide appropriate facilities for animal grooming services. This includes selection of the types of equipment and ensuring hygiene and bio-security standards.
http://data.europa.eu/esco/skill/5acf6408-e084-4202-9442-ffcf0119811c,security threats,"Types of cyber or physical security threats to public and private security such as unauthorised entry, aggressive behaviour, molestation, robbery, theft, hacking, malware, phishing, identity theft, assault, kidnapping, murder and public demonstration."
http://data.europa.eu/esco/skill/5ad2c837-d032-4803-aa4a-322a54936636,master disc manufacturing,"The process used to create the mould needed for the production of compact discs. During this process, a plate of glass is polished, coated with a primer and a photoresistant coating, cured in an oven, etched with the data, and finally coated with a thin layer of nickel and vanadium."
http://data.europa.eu/esco/skill/5ae07007-1348-4068-ab55-e6f420fa3874,communication sciences,"The practice and theory of communication systems, mass media, journalistic practices, and persuasive communication. It also includes the empirical methods utilized by communication scientists to acquire data such as interviews, surveys, and focus groups."
http://data.europa.eu/esco/skill/5b6fb4d6-582e-4187-9f17-f6e582f8714f,survey techniques,"Techniques on how to identify a target audience, choose the right survey method and analyse the data."
http://data.europa.eu/esco/skill/5b776f2d-cac1-437e-badd-9871876209a5,develop geological databases,Develop geological databases in order to acquire and organise information.
http://data.europa.eu/esco/skill/5b9cde20-f1b9-4adc-bfb3-dbf70b14138d,use object-oriented programming,"Utilise specialised ICT tools for programming paradigm based on the concept of objects, which can contain data in the form of fields and code in the form of procedures. Use programming languages which support this method such as JAVA and C++."
http://data.europa.eu/esco/skill/5bac4bcc-1846-4688-ba02-ad2b51544282,develop inclusive communication material,"Develop inclusive communication resources. Provide appropriate accessible digital, print and signage information and apply the appropriate language to support the representation and inclusion of people with disabilities. Make websites and online facilities accessible, e.g., ensuring compatibility with screen readers."
http://data.europa.eu/esco/skill/5bda2af8-298a-476b-adcb-2bb95226de10,transcribe medical data,"Listen to the recordings of the healthcare professional, write the information down and format it into files."
http://data.europa.eu/esco/skill/5bdb8e03-04ab-4869-a48f-3b013b5a2c3c,organise compositions,"Arrange and adapt existing musical compositions, add variations to existing melodies or compositions manually or with the use of computer software. Redistribute instrumental parts."
http://data.europa.eu/esco/skill/5be3d306-6cf1-4b49-aa1d-01651dd4ba4c,object-oriented modelling,"The object-oriented paradigm, which is based on classes, objects, methods and interfaces and their application in software design and analysis, programming organisation and techniques."
http://data.europa.eu/esco/skill/5bee9f92-221e-44e8-81b8-20edcd741077,maintain facility security systems,"Ensure that proper and functional security systems are in place, including alarm systems, fire alarms, sprinklers and emergency exits."
http://data.europa.eu/esco/skill/5c5d38eb-4529-48d1-ab98-b6f6800f0a92,warehousing regulations,"The set of laws, regulations and security requirements governing the provision of warehousing activities in a given territory."
http://data.europa.eu/esco/skill/5c66ce3a-658d-43b1-9d8d-0f39be6c0f2e,WebCMS,"The web-based software systems used for creating, editing, publishing and archiving blogs, articles, web pages or press releases which are mostly managed by users with limited web programming knowledge."
http://data.europa.eu/esco/skill/5c8aa481-9e7c-4f32-8197-a8b0fd7ca186,demonstrate functionality of software products,Demonstrate to customers the features and functionalities of software products.
http://data.europa.eu/esco/skill/5ce5236e-93e2-4899-8971-fff526f85a01,blockchain applications,"The knowledge of applications where blockchains can provide significant added value. They include applications in Banking and Finance (International Payments, Capital Markets, Trade Finance, Regulatory Finance and Audit, Money Laundering Protection, Insurance, Peer-to-Peer Transactions) and Business (Supply Chain Management, Healthcare, Real Estate, Media, Energy), Government (Identity Management, Voting, Taxes, Non-Profit Agencies, Compliance/Regulatory Oversight)."
http://data.europa.eu/esco/skill/5cead3a5-92ad-41be-ab53-03d8d0b38d0e,assess felled timber volume,Measure the amount of timber felled using appropriate equipment. Take care of the equipment. Record the measured data.
http://data.europa.eu/esco/skill/5d1a7c14-188d-4d90-9fcc-51bc1748c58e,ensure smooth on board operations,"Ensure the trip goes smoothly and without incidents. Before departure review if all security, catering, navigation and communication elements are in place."
http://data.europa.eu/esco/skill/5d34adde-0b78-42b4-9d3d-69e9388d8398,oversee quality control,Monitor and assure the quality of the provided goods or services by overseeing that all the factors of the production meet quality requirements. Supervise product inspection and testing.
http://data.europa.eu/esco/skill/5d3798b0-d3a3-45ef-9df2-8b8756d4d79c,use thermal analysis,"Use software tools such as Icepak, Fluens and FloTHERM as a means to develop and optimize thermal control designs in order to cope with a wide range of difficult problems regarding thermal products and properties of thermal materials."
http://data.europa.eu/esco/skill/5d5f0963-a8b7-4a4f-a8f5-05b3142752b9,risk modelling,"A mathematical representation of a system, commonly incorporating probability distributions and using relevant historical data as well as expert elicitation to understand the probability of a risk event occurring and its potential severity."
http://data.europa.eu/esco/skill/5d6fd3ee-5b48-423b-a3cb-3d13d79f721a,comply with timber trade code of conduct,Promote consumer confidence in the workplace by watching over provided wood products and comply with their related legislation. Conduct business in a professional and transparent manner towards customers.
http://data.europa.eu/esco/skill/5d71a91f-cc72-4b66-b6e3-d75ecc05e235,manage instrumentation systems,"Set up, adjust, operate and maintain instrumentation systems. Process and analyse data, and present research results."
http://data.europa.eu/esco/skill/5d74614d-32c8-4ca4-9818-6980e52424b1,plan software testing,"Create and supervise tests plans. Decide on allocation of resources, tools and techniques. Set testing criteria for balancing incurred risks in case of remaining defects, adapt budgets and plan additional costs."
http://data.europa.eu/esco/skill/5da73370-f6b9-417d-a94c-09bf01f84aa2,use access control software,"Utilise software to define the roles and manage user authentication, privileges and access rights to ICT systems, data and services."
http://data.europa.eu/esco/skill/5da8018b-ae85-4cde-ad93-0394369018f3,SPARQL,The computer language SPARQL is a query language for retrieval of information from a database and of documents containing the needed information. It is developed by the international standards organisation World Wide Web Consortium.
http://data.europa.eu/esco/skill/5def6c02-b8fa-4fb4-a73c-1ea02cbe4ca3,organise supporters,Coordinate and managing relations with networks of supporters.
http://data.europa.eu/esco/skill/5e09534b-9ba1-4f29-84ad-1b3ad66d2dc8,review meteorological forecast data,Revise estimated meteorological parameters. Solve gaps between real-time conditions and estimated conditions.
http://data.europa.eu/esco/skill/5e0d6552-7efb-4207-b805-68fed752d778,apply colour grading,"Enhance the colour of recorded motion pictures or videos by adjusting the colour composition either by hand, in a photographic laboratory or digitally by using image editing software."
http://data.europa.eu/esco/skill/5e127fef-cc93-4e34-a924-680a18035fc5,operate optical measuring equipment,"Operate optical measuring equipment to take client's measurements. Determine bridge and eye size, papillary distance, vertex distance, optical eye centres, etc., in order to manufacture customised eyeglasses or contact lenses."
http://data.europa.eu/esco/skill/5e14de3d-d055-427e-9f5b-eb068f56b019,research website users,Record and analyse website traffic by distributing surveys or using e-commerce and analytics. Identify the needs and preferences of target visitors in order to apply marketing strategies to increase website traffic.
http://data.europa.eu/esco/skill/5e50a0f1-4089-4df6-a15b-34b39d3aeab4,conduct performance measurement,"Gather, assess and interpret data concerning the performance of a system, component, group of people or organisation."
http://data.europa.eu/esco/skill/5ea2d808-461b-4a56-b669-69fefc1b80da,capital goods industry,"The industry focused on the capital goods sector composed by machinery manufacturing companies that play a key role in producing and distributing capital goods such as electrical, defense or construction equipment."
http://data.europa.eu/esco/skill/5ec0bddd-3502-4d3b-a6ab-3e405307a616,oversee maintenance work,"Oversee the landscaping maintenance work: mowing, strimming, spraying, weeding and pruning."
http://data.europa.eu/esco/skill/5ef0c719-5bcb-49f8-b8eb-824388225333,use scripting programming,"Utilise specialised ICT tools to create computer code that is interpreted by the corresponding run-time environments in order to extend applications and automate common computer operations. Use programming languages which support this method such as Unix Shell scripts, JavaScript, Python and Ruby."
http://data.europa.eu/esco/skill/5ef7eaab-a17d-479e-860f-04d00e1540e8,communicate with local residents,Explain building and landscaping projects to local residents in order to obtain their approval and co-operation.
http://data.europa.eu/esco/skill/5f00bf83-f776-4488-b312-6725f8b6783a,conduct public surveys,"Conduct the procedures of a public survey from the initial formulation and compilation of the questions, identifying the target audience, managing the survey method and operations, managing the processing of acquired data, and analysing the results."
http://data.europa.eu/esco/skill/5fd6c193-93c6-4f2d-bf9b-e0debb851f2d,collection management software,Be familiar with specialised collection management software used to document and keep record of the museum collection.
http://data.europa.eu/esco/skill/6014921e-1d25-4039-adc2-04852d61880e,ICT debugging tools,"The ICT tools used to test and debug programs and software code, such as GNU Debugger (GDB), Intel Debugger (IDB), Microsoft Visual Studio Debugger, Valgrind and WinDbg."
http://data.europa.eu/esco/skill/604e5cd2-559a-4d49-a1a2-e43b2b472fee,perform educational testing,"Carry out psychological and educational tests on the personal interests, personality, cognitive capabilities, or language or mathematic skills of a student."
http://data.europa.eu/esco/skill/604f62cc-0f04-4903-b9f9-7128f72d4e5a,Brightspace (learning management systems),"The computer program Brightspace is a e-learning platform for creating, administrating, arranging, reporting and delivering e-learning education courses or training programs. It is developed by the software company D2L Corporation."
http://data.europa.eu/esco/skill/605399ce-4736-4b41-b41e-92ecf2139454,Solidity,"The techniques and principles of software development, such as analysis, algorithms, coding, testing and compiling of programming paradigms in Solidity."
http://data.europa.eu/esco/skill/60555243-213b-44df-ab2e-3a79639c0123,conduct specialised orthoptic tests,"Conduct specialised tests such as colour vision test, Ishihara, Farnsworth, D-15, Pseudo-isochromatic colour plates, ophthalmic photography and corneal light reflex testing, analysing the information obtained from these tests to determine the effects of general pathology on the eyes and effects of eye diseases."
http://data.europa.eu/esco/skill/60b44dab-03f1-46de-be08-0e5ba8662b3d,telecommunication industry,"The major players on the telecommunications market such as organisations manufacturing and distributing telephone terminal equipment, mobile devices, accessibility, and network security."
http://data.europa.eu/esco/skill/60d2cd1f-e1ab-436a-8909-24cb5366b767,check bottles for packaging,Check bottles for packaging. Apply bottle testing procedures to verify if the bottle is fit for containing food and beverage products. Follow legal or company specifications for bottling.
http://data.europa.eu/esco/skill/60f2ec1a-9237-4d0e-8c4a-1a3e67a0d83d,define celestial bodies,"Analyse data and images to calculate the size, shape, brightness, and motion of celestial bodies."
http://data.europa.eu/esco/skill/6101480a-811d-46da-b4f6-fc0360826f22,manage bridge construction projects,"Inspect, assess and approve technical procedures; apply maintenance strategies, systems and procedures; assess the load testing of bridges; devise new methods of strengthening; and ensure the suitable design of bridges taking into consideration issues such as durability, maintenance requirements etc."
http://data.europa.eu/esco/skill/611ed16b-99bf-4840-9cab-f55d1d286e0a,store digital data and systems,"Use software tools to archive data by copying and backing them up, in order to ensure their integrity and to prevent data loss."
http://data.europa.eu/esco/skill/615cfc39-797f-4229-8e92-159fcf8f3030,building codes,The set of guidelines that determine the minimum standards for buildings and other constructions in order to protect public health and safety.
http://data.europa.eu/esco/skill/6195c5f7-a4fb-425d-a3dd-c4467c4471a3,deploy cloud resource,"Identify and execute steps required to provision cloud resources, such as networks, servers, storage, applications, GPUs, and services. Define the cloud global infrastructure and remediate deployment issues."
http://data.europa.eu/esco/skill/61a3f3ea-d34c-478d-9b41-c8adb09e6631,identify suspicious behaviour,Rapidly spot and identify individuals or customers who behave suspiciously and keep them under close observation.
http://data.europa.eu/esco/skill/61ddacb8-c89f-48c2-afe8-9e1b14c0c8fb,business incubation,"The process through which an individual or an organization contributes to the development and growth of a business start-up. It includes physical facility support (such as offices), networking support (such as connecting with partners or investors) and support services (such as providing coaching session on business development, technological innovation, scaling up a business, etc)."
http://data.europa.eu/esco/skill/62278d41-2182-4a95-8e9c-ae6fa3e342b7,ensure maintenance of trains,Oversee train equipment maintenance and rail security.
http://data.europa.eu/esco/skill/62381a22-cc11-434a-b140-fb706d2ff2fa,maintain extrusion machines,"Maintain, replace and install parts of the extrusion machines such as dies, rings or cutoff knives so that they are accoding to the specifications under which each type of products is to be processed."
http://data.europa.eu/esco/skill/625b57ee-29d4-425b-bf99-9fd54dd021fe,Kali Linux,"The Kali Linux tool is a penetration testing tool which tests security weaknesses of the systems for potentially unauthorised access to system information by information gathering, vulnerability analysis and wireless and passwords attacks."
http://data.europa.eu/esco/skill/629685b8-5f9e-4522-8cff-b3e2c4ec625a,digital data processing,"Identify, locate, retrieve, store, organise and analyse digital information, judging its relevance and purpose."
http://data.europa.eu/esco/skill/629c000a-b94b-4736-b2e2-04b7954d60db,IPC standards,"Standards and guidelines with regards to the use and manufacture of electronics and printed circuit boards. These regulations provide rules and guidelines on topics such as general safety rules, electronic equipment manufacture, electronic equipment testing, and qualifications."
http://data.europa.eu/esco/skill/629c9139-8a87-447b-8f61-bfe678cf3e7c,types of maritime vessels,"Various types of maritime vessels such as container ships, passenger ships and fishing vessels, and their characteristics and specifications, security, technical, and maintenance requirements."
http://data.europa.eu/esco/skill/62b7060c-3055-4ab8-bcf2-8080fd7c01f3,ensure compliance with airport security measures,Ensure compliance with airport security measures prior to the boarding of planes.
http://data.europa.eu/esco/skill/63b23e76-63cd-44e9-9685-173842d8b691,ensure health and safety of customers,"Promote and maintain a culture of health, safety and security among your customers by maintaining policies and procedures for the protection of vulnerable participants and when necessary, dealing with suspicions of possible abuse."
http://data.europa.eu/esco/skill/63f0aa84-5e4c-4eb6-8e8c-876d9feedf1f,Outsourcing model,"The outsourcing model consists of principles and fundamentals of service-oriented modelling for business and software systems that allow the design and specification of service-oriented business systems within a variety of architectural styles, such as enterprise architecture."
http://data.europa.eu/esco/skill/64159e7c-78d9-4f27-8c44-432cc52227c1,ensure safe transport of money,"Make sure the money, security papers and valuables are packed and stored properly according to legislation and see to secure transports by personally handling the goods and possibly checking the security systems in vehicles."
http://data.europa.eu/esco/skill/6417a4cc-6f61-4459-a114-761a7fa0279d,Puppet (tools for software configuration management),"The tool Puppet is a software program to perform configuration identification, control, status accounting and audit."
http://data.europa.eu/esco/skill/6468e5fb-f3be-4025-87be-4b6556755c61,programmable logic controller,Programmable logic controllers or PLC's are computer control systems used for the monitoring and control of input and output as well as the automation of electromechanical processes.
http://data.europa.eu/esco/skill/646d871b-4503-4dc8-a076-06d7085e4cde,promote human rights,"Promote and respect human rights and diversity in light of the physical, psychological, spiritual and social needs of autonomous individuals, taking into account their opinions, beliefs and values, and the international and national codes of ethics, as well as the ethical implications of healthcare provision, ensuring their right to privacy and honouring for the confidentiality of healthcare information."
http://data.europa.eu/esco/skill/64852ade-6ae1-4760-ba4a-976bf07ca255,manage disaster recovery plans,"Prepare, test and execute, when necessary, a plan of action to retrieve or compensate lost information system data."
http://data.europa.eu/esco/skill/64db87c7-2360-4e20-88d3-d222402e477c,write database documentation,Develop documentation containing information about the database that is relevant to end users.
http://data.europa.eu/esco/skill/64e09849-a7db-4d6b-a932-66264420eb97,apply social media marketing,"Employ website traffic of social media such as Facebook and Twitter to generate attention and participation of existing and potential customers through discussion forums, web logs, microblogging and social communities for gaining a quick overview or insight into topics and opinions in the social web and handle inbound leads or inquiries."
http://data.europa.eu/esco/skill/651675ef-d203-4ba9-bde0-c4fb8a2f3ef3,read technical datasheet,"Read and understand the technical specifications describing the characteristics and functionality mode of a product, component or machine, usually provided by the manufacturer."
http://data.europa.eu/esco/skill/65203d36-0de6-4a38-8a3b-506de641c88a,host wine-tasting events,"Hosting and attending wine-tasting events in order to share information relating the last trends in the industry, for network purposes and self updating."
http://data.europa.eu/esco/skill/65227f84-5d33-44a4-ad4b-1e8571b415c0,ensure gambling operational standards,Ensure full compliance within requirements of gambling legislation and regulation. Examples are the implementation of security control procedures and the compilation of performance reports.
http://data.europa.eu/esco/skill/6532ef3b-1685-4de7-a858-d31fdaa435ca,calibrate precision instrument,Examine the precision instruments and assess whether the instrument meets the quality standards and production specifications. Correct and adjust the reliability by measuring output and comparing results with the data of a reference device or a set of standardised results.
http://data.europa.eu/esco/skill/6542601c-92ee-4a03-abd9-fde0635727a2,respond to electrical power contingencies,"Set in motion the strategies created for responding to emergency situations, as well as respond to unforeseen problems, in the generation, transmission, and distribution of electrical power, such as power outages, in order to rapidly solve the problem and return to normal operations."
http://data.europa.eu/esco/skill/658b6ea0-79f5-451d-a037-7593a4416c85,develop material testing procedures,"Develop testing protocols in collaboration with engineers and scientists to enable a variety of analyses such as environmental, chemical, physical, thermal, structural, resistance or surface analyses on a wide range of materials such as metals, ceramics or plastics."
http://data.europa.eu/esco/skill/65e58886-bd1e-4c5b-8ca5-8d9b353c8aa1,data visualisation software,"A computer tool or application that creates a graphical and visual representation of data, allowing a better understanding and interpretation of complex data through visual elements such as maps, charts, infographics or graphs."
http://data.europa.eu/esco/skill/6709e92c-7546-46a4-aa57-5e951bd4cb0f,building automation,"Type of automatic control system where through a Building Managements System or Building Automation System (BAS) the control of a building's ventilation, humidity, heating, lighting and other systems is being automated at centralized location and monitored through electronic systems. Can be set to optimize energy consumption."
http://data.europa.eu/esco/skill/670f8eea-f25b-4c3f-97ef-a4729d4c63d6,smart contract,A software program in which the terms of a contract or transaction are directly coded. Smart contracts are executed automatically upon fulfilment of the terms and therefore require no third party to oversee and register the contract or transaction.
http://data.europa.eu/esco/skill/6766e2e3-425b-4c6b-963d-82f9b2846e21,manage licensee portofolio,"Handle data and files for all licensees that use the products, trademarks or services of a company under a licensing agreement."
http://data.europa.eu/esco/skill/679e221d-4e86-49af-8e91-ae8c6fe8e5ae,approve advertising campaign,"Check all advertising material such as leaflets, websites, television commercials and newspaper ads to make sure they comply with the advertising strategy and customer requirements. Approve the way of distribution."
http://data.europa.eu/esco/skill/67a118f4-8a5f-48f7-8e5f-de34b9ca2c37,hybrid model,"The hybrid model consists of principles and fundamentals of service-oriented modelling for business and software systems that allow the design and specification of service-oriented business systems within a variety of architectural styles, such as enterprise architecture."
http://data.europa.eu/esco/skill/6833e58b-eceb-4599-9375-1b7e6ec64087,ensure information security,"Ensure that the information gathered during surveillance or investigations remains in the hands of those authorised to receive and use it, and does not fall into enemy or otherwise non-authorised individuals' hands."
http://data.europa.eu/esco/skill/683bc3e3-6ec1-4ad2-8d62-d0ac1fabbe76,use analytics for commercial purposes,"Understand, extract and make use of patterns found in data. Use analytics to describe consistent happenings in observed samples in order to apply them to commercial plans, strategies, and corporate quests."
http://data.europa.eu/esco/skill/68c27e3e-a3f7-4f76-856a-761d65364199,self-promote,"Promote yourself by joining networks and circulating promotional material such as demos, media reviews, website, or a biography. Form a promotion and management team. Propose your services to future employers or producers."
http://data.europa.eu/esco/skill/68d5d7e2-1e9e-4b2b-bce9-ff6c687e4f45,develop sewerage networks,"Develop systems and methods of construction and installation of waste water transportation and treatment equipment, which is used to transport waste water from residences and facilities through water treatment facilities, or through other sewerage systems, to ensure proper disposal or reuse. Develop such systems with environmental and sustainability concerns in mind."
http://data.europa.eu/esco/skill/68ef0e4d-5542-4e64-84f4-752cce5a3c22,statistical modeling techniques,The approaches for employing statistical analysis to dataset within the data science field. It seeks to elaborate reality predictions through statistical models and explicit assumptions.
http://data.europa.eu/esco/skill/694f1a0a-b6bd-453f-af6d-a833503da307,manage meteorological database,Develop and maintain meteorological databases. Add information after each new observation.
http://data.europa.eu/esco/skill/6957717a-84f7-4af5-9791-b3f6f5cf6084,test gas purity,Test the purity of the gas using specific testing equipment.
http://data.europa.eu/esco/skill/69a8d03b-d132-4e45-a59f-d84e4ad362a1,oversee yarn characterisation,Monitor and assure the quality of the provided yarns by overseeing their characterisation and testing.
http://data.europa.eu/esco/skill/69bbd53f-fbb0-4476-b4b2-ef7844464e28,web programming,"The programming paradigm that is based on combining markup (which adds context and structure to text) and other web programming code, such as AJAX, javascript and PHP, in order to carry out appropriate actions and visualise the content."
http://data.europa.eu/esco/skill/69c865d1-39d6-48ae-b33f-75a7e9cc1811,operate landscaping equipment,"Operate a variety of landscaping equipment and hand tools such as: chain saws, line trimmers, tillers, back hoes, bobcats, chemical sprayer, bed edgers, rake, mowers, blowers, spreader, portable sprinkler system, dump trailers, tillers, sod cutters, weed eaters, plant augers, and drills. Use landscaping service equipment for excavation, roto-tilling, ploughing, lawn fertilisation, flower planting."
http://data.europa.eu/esco/skill/69cfc5ed-6569-4aca-a4cc-fd782ba51d9c,implement ICT risk management,"Develop and implement procedures for identifying, assessing, treating and mitigating ICT risks, such as hacks or data leaks, according to the company's risk strategy, procedures and policies. Analyse and manage security risks and incidents. Recommend measures to improve digital security strategy."
http://data.europa.eu/esco/skill/69f0167e-75d9-46cf-847f-72a592880ebb,STAF,"The tool STAF is a software program to perform configuration identification, control, status accounting and audit."
http://data.europa.eu/esco/skill/6a1092f5-e5f6-4f34-a5b4-64b350104987,types of spa,"Field of information which distinguishes different kinds of spa such as thermal, hammam, medical, ayurvedic, relaxation, destination and traditional spas. These practices differ in treatments, therapies, services, programmes and provisions."
http://data.europa.eu/esco/skill/6a322874-e32f-4cd8-9683-badce67a7f73,develop automated software tests,"Create software test sets in an automated manner, ​using specialised languages or tools, that can be performed by testing tools in order to save resources, gain efficiency and effectiveness in test execution."
http://data.europa.eu/esco/skill/6a536b36-c5c7-4d10-bf67-a4fb0f8549b2,audit techniques,"The techniques and methods that support a systematic and independent examination of data, policies, operations and performances using computer-assisted audit tools and techniques (CAATs) such as spreadsheets, databases, statistical analysis and business intelligence software."
http://data.europa.eu/esco/skill/6a72c057-499f-4fe4-b425-0fbe2a50ce07,calibrate mechatronic instruments,Correct and adjust the reliability of an mechatronic instrument by measuring output and comparing results with the data of a reference device or a set of standardised results. This is done in regular intervals which are set by the manufacturer.
http://data.europa.eu/esco/skill/6a876489-7ad8-4a13-b09c-c9b8e97a302e,Waterfall development,The waterfall development model is a methodology to design software systems and applications.
http://data.europa.eu/esco/skill/6ad40ca3-dc34-4442-b23f-0b1b28936f56,maintain responsive design,Ensure that the website runs on the latest technology and is multi-platform compatible and mobile-friendly.
http://data.europa.eu/esco/skill/6ae49291-0472-4c3d-a0af-d6797f20b82d,maintain the security of machinery,Maintain the security of site machinery and equipment.
http://data.europa.eu/esco/skill/6ae8306a-4f9d-4410-ac82-6406f3cbd16a,manage office facility systems,"Keep management and service ability of the various office systems needed for the smooth and daily operation of the office facilities such as internal communication systems, softwares of common use inside the company, and office networks."
http://data.europa.eu/esco/skill/6aef2baa-5fa7-4c16-bd28-3e070ec4e4df,educate on data confidentiality,"Share information with and instruct users in the risks involved with data, especially risks to the confidentiality, integrity, or availability of data. Educate them on how to ensure data protection."
http://data.europa.eu/esco/skill/6af2d621-650e-4954-863f-cb87ee071016,test physical properties of textiles,"Evaluate the physical properties of textiles by using testing methods, normally in accordance with a standard. It includes fibre identification and trouble shooting."
http://data.europa.eu/esco/skill/6b222aac-688c-4c9d-acbc-7fe25d37565e,maintain system logs,Maintain system logs or manuals to document equipment testing and operation.
http://data.europa.eu/esco/skill/6b30644d-bdc5-4bca-b1af-edbf5c6b15ee,process collected survey data,"Analyse and interpret survey data acquired from a wide variety of sources e.g. satellite surveys, aerial photography and laser measurement systems."
http://data.europa.eu/esco/skill/6b3afb82-c4ea-4f14-be54-a757fb762663,Vagrant,"The tool Vagrant is a software program to perform configuration identification, control, status accounting and audit."
http://data.europa.eu/esco/skill/6b643893-0a1f-4f6c-83a1-e7eef75849b9,develop with cloud services,"Write code that interacts with cloud services by using APIs, SDKs, and cloud CLI. Write code for serverless applications, translate functional requirements into application design, implement application design into application code."
http://data.europa.eu/esco/skill/6b6a9252-2ed7-4862-a02f-1578f4a532ea,Eclipse (integrated development environment software),"The computer program Eclipse is a suite of software development tools for writing programs, such as compiler, debugger, code editor, code highlights, packaged in a unified user interface. It is developed by the Eclipse Foundation."
http://data.europa.eu/esco/skill/6b9c6280-cd0b-4462-885e-da63fe5918ea,draw up stage layouts digitally,Draw and design stage settings and layouts using software like CAD.
http://data.europa.eu/esco/skill/6bc02a4a-66af-4b49-9bd3-d07695d52b42,abide by business ethical code of conducts,Conform and follow the ethical code of conducts promoted by companies and businesses at large. Ensure that operations and activities do comply with the code of conduct and ethical operations the supply chain throughout.
http://data.europa.eu/esco/skill/6c08403c-a5bb-4868-b8c2-b7d039c0e511,design database scheme,"Draft a database scheme by following the Relational Database Management System (RDBMS) rules in order to create a logically arranged group of objects such as tables, columns and processes."
http://data.europa.eu/esco/skill/6c10e1c0-a7d2-4b58-9b8f-b1681d353255,adjust rotogravure press,"Thread webs of paper or other printing stock through the press and further adjust temperature, guides, and tension bars."
http://data.europa.eu/esco/skill/6c3d9ae0-b7ea-466e-ae9c-04138a4abbba,climb on railcars,Have the physical abilities to climb on and into railcars following adequate security procedures.
http://data.europa.eu/esco/skill/6c65bbce-15ce-447e-9666-0fe928f5588c,test mechatronic units,Test mechatronic units using appropriate equipment. Gather and analyse data. Monitor and evaluate system performance and take action if needed.
http://data.europa.eu/esco/skill/6cd29d73-e352-40b4-89c5-cdb3faff0a38,manage the security team,"Plan, organise and schedule work, equipment and procedures to be followed for the security staff under your supervision."
http://data.europa.eu/esco/skill/6d019dab-a7ab-4f22-9197-afb1fbd3d27d,follow an ethical code of conduct for translation activities,"Carry out translation activities according to accepted principles of right and wrong. This includes fairness, transparency, and impartiality. Do not use judgement or allow personal opinions to affect the quality of the translation or interpretation."
http://data.europa.eu/esco/skill/6d289e8b-2cc1-4eda-ab1f-ad1090ef98f0,WordPress,"The open-source web-based software systems used for creating, editing, publishing and archiving blogs, articles, web pages or press releases which are mostly managed by users with limited web programming knowledge."
http://data.europa.eu/esco/skill/6e07db2d-a346-4388-af3f-6132d6be5536,investigate social security applications,"Investigate the eligibility of citizens applying for social security benefits by examining documents, interviewing the citizen, and researching the related legislation."
http://data.europa.eu/esco/skill/6e34b68e-0d61-49f2-bc4d-571c0326d857,test sensors,Test sensors using appropriate equipment. Gather and analyse data. Monitor and evaluate system performance and take action if needed.
http://data.europa.eu/esco/skill/6e4f75b4-c60f-4623-a9ba-760c8245753b,ICT communications protocols,The system of rules which allow the exchange of information between computers or other devices via computer networks.
http://data.europa.eu/esco/skill/6e508ff8-b580-4a94-b148-b62bc92dee48,estimate fishery status,Recognize the basic biological data to estimate the status of a fishery: Recognize the captured species by simple ocular observation and compare the amount and size of catches to those of previous periods.
http://data.europa.eu/esco/skill/6ebb869b-3931-4c7f-b168-07e2a271b1bc,lead hard landscape projects,"Lead hard landscaping projects including paving, block paving and driveways, brickwork and block work, steps and changes in level, water features, pergolas and wooden structures. Read landscaping blueprints, review the plan with a designer, and implement the landscape construction plan."
http://data.europa.eu/esco/skill/6f1edc19-191f-4ba5-a048-ee69aff05bab,security engineering,"Interdisciplinary field of study that focuses on the realisation of secure systems and the technology to protect individuals or information from malice, errors, or unauthorized access. It involves defining security protection requirements, processes, and methods to ensure the resilience of systems and data."
http://data.europa.eu/esco/skill/6f7512ab-d46d-402a-8c30-a8878d7c1f88,SQL Server Integration Services,"The computer program SQL Server Integration Services is a tool for integration of information from multiple applications, created and maintained by organisations, into one consistent and transparent data structure, developed by the software company Microsoft."
http://data.europa.eu/esco/skill/6f8a40d6-f9ce-43ec-a72f-d4213a53f3ed,Ansible,"The tool Ansible is a software program to perform configuration identification, control, status accounting and audit."
http://data.europa.eu/esco/skill/6f993130-082b-4732-b62f-52cdf2096ad9,use methods of logistical data analysis,"Read and interpret supply chain and transportation data. Analyse the reliability and availability of findings by using methods such as data mining, data modelling and cost-benefit analysis."
http://data.europa.eu/esco/skill/6fc6f757-6baa-49fe-9a82-6ba6a52f2e13,interpret mathematical information,"Demonstrate an understanding of mathematical terms and concepts, and apply basic mathematical principles and processes to interpret data and facts."
http://data.europa.eu/esco/skill/6fe76a8b-4d5f-4cea-b76b-5908463fb014,study website behaviour patterns,"Research, analyse and optimise business results and user experience online through the use of tracking website metric tools."
http://data.europa.eu/esco/skill/70165e8b-322c-489c-b436-66af6190afa3,manage security clearance,"Manage the systems and monitor the functioning of the security clearance system and staff working to ensure security of the facility, to ensure no non-authorised individuals acquire access and to monitor potential risks and threats."
http://data.europa.eu/esco/skill/7049ac98-0368-4bb2-84d4-5366d1c0f2ac,conduct online competitive analysis,Assess strengths and weaknesses of current and potential competitors. Analyse competitors' web strategies.
http://data.europa.eu/esco/skill/709ef32a-7435-48e2-8fa2-16e389ecab8a,Cisco,The products available from the network equipment provider Cisco and methods for selecting and procuring the equipment.
http://data.europa.eu/esco/skill/70c6065c-9eb8-40b4-bb2b-d66cd880a9c3,perform milk control,Carry out controlling the quality and quantity of the milk following biosecurity regulations.
http://data.europa.eu/esco/skill/70de94f5-9575-4edd-bca7-c797b023b9d6,Oracle WebLogic,The application server Oracle WebLogic is Java EE based application server which serves as a middle tier that links the back-end databases to the related applications.
http://data.europa.eu/esco/skill/713fb616-118e-40bc-9366-4a69879a49d5,implement data quality processes,"Apply quality analysis, validation and verification techniques on data to check data quality integrity."
http://data.europa.eu/esco/skill/7159e587-c7cb-4ec0-a662-03e1dee2cccb,research design,"The set of methods and techniques of research that are used to conduct a study. It includes practical steps in research such as purpose statement, data collection, methodology, and data analysis."
http://data.europa.eu/esco/skill/71717c33-dd63-4acf-b052-a5fd5d9fc490,ensure information privacy,"Design and implement business processes and technical solutions to guarantee data and information confidentiality in compliance with legal requirements, also considering public expectations and political issues of privacy."
http://data.europa.eu/esco/skill/71746a0b-e58d-4dc4-ad03-bd84082eae21,collect customer feedback on applications,Gather a response and analyse data from customers to identify requests or problems in order to improve applications and overall customer satisfaction.
http://data.europa.eu/esco/skill/7193cb6d-8334-494f-86e5-21e6d03a47c3,unified modelling language,The general-purpose modelling language used in software development to offer a standard visualisation of system designs.
http://data.europa.eu/esco/skill/719d8699-a221-4b5a-8fc3-68a8645cbe03,adobe creative suite,"The set of software applications that are used to create visual content for personal or business use. Examples of items that can be generated are flyers, brochures, books, websites and videos."
http://data.europa.eu/esco/skill/71b300d6-8de6-4282-b3c0-9a0401d9095f,analyse drill engineering,"Gather relevant data, carry out on-site engineering analysis. Make up reports and recommend necessary measures."
http://data.europa.eu/esco/skill/71c2f41e-14de-4b23-82ad-5dbcd54ba5b0,deploy ICT systems,"Deliver and instalI computers or ICT systems, ensuring testing and preparation for use."
http://data.europa.eu/esco/skill/71f81e1a-e2ca-48d6-b7b8-7a34c56c51f8,transmission technology,"Technologies that allow the transmission of analogue or digital information signals over a point-to-point or a point-to-multipoint through the use of communication channels or transmission media, such as optical fibre, copper wire, or wireless communication channels. The information or data are usually transmitted as an electromagnetic signal, such as radio waves or microwaves."
http://data.europa.eu/esco/skill/7229b6dc-e2ef-44fe-b9a1-06b1c1075d8f,automatic control system,"Set of interconnected mechanisms and components, such as controllers or sensing elements, that use programming logic to automate the operation and behaviour of a process or system without a continuous human intervention, to achieve a desired performance such as stability."
http://data.europa.eu/esco/skill/7234e847-451d-499a-9c7b-0050a4e758d6,utilise content types,"Use MIME types and subtypes as standard identifier to indicate the type of data that a file contains such as the type of link, object, script and style elements and the media type."
http://data.europa.eu/esco/skill/7253d98c-4a6d-4e37-8b6c-accca9f4b639,develop ICT test suite,Create a series of test cases to check software behaviour versus specifications. These test cases are then to be used during subsequent testing.
http://data.europa.eu/esco/skill/7272ad09-c6a4-45df-802b-c772f9b573c9,conduct fish mortality studies,Collect fish mortality data. Identify causes of mortality and provide solutions .
http://data.europa.eu/esco/skill/72c02483-714c-47de-a3ff-870c5eb634d0,resolve difficult account allocation cases,"Perform various activities in the account area which require special technical expertise such as registering income from investments, capital levies or dividends and interests from fixed-interest securities."
http://data.europa.eu/esco/skill/735a23ec-d570-4293-8219-b5bcfbad3e2f,issue penalties to violators of the sanitation code,Distribute penalties to facilities that violate the sanitation code or water quality regulations.
http://data.europa.eu/esco/skill/735d7622-351b-4c22-b1b0-c718a8148179,issue certificates for animal products,"Issue certificates related to animal health and welfare or to animal products, based on the necessary examination or testing, in accordance with the principles of certification agreed at European level."
http://data.europa.eu/esco/skill/7369f779-4b71-4aab-8836-48b69c676eec,operate relational database management system,"Extract, store and verify information using database management systems based on the relational database model, which arranges data into tables of rows and columns, such as Oracle Database, Microsoft SQL Server and MySQL."
http://data.europa.eu/esco/skill/736ef286-fbd3-4e5c-a4b4-d1e2008c9898,plan digital marketing,"Develop digital marketing strategies for both leisure and business purposes, create websites and deal with mobile technology and social networking."
http://data.europa.eu/esco/skill/7373abdb-ee5a-4949-b4ae-dee60ab37914,use communication equipment,"Set up, test and operate different types of communication equipment such as transmission equipment, digital network equipment, or telecommunications equipment."
http://data.europa.eu/esco/skill/737f8895-46df-4283-8f38-13f3f0fc3b77,digital twin technology,"Model designed to generate a virtual representation of an object or system updated from real-time data. The virtual representation process is through the combination of data and technology simulation, using sensors to produce data of the physical object, such as temperature or energy to build its digital twin. Machine learning, simulation and reasoning are involved in this process."
http://data.europa.eu/esco/skill/73c19cbc-34fb-47a5-802b-8e49076cda41,manipulate rubber products,"Use tools and equipment in order to form rubber parts or rubber end products, by performing operations such as cutting, shaping or cementing."
http://data.europa.eu/esco/skill/73c7d0d9-092f-4f6e-800a-5759f45a6fc6,operate 2D CAD for footwear,"Be able to read and interpret design specification to transfer 3D virtual models, computer made drawings and handmade sketches into the 2D environment of the CAD software. Flatten and work with digitised shells. Use scanners and tablets. Produce, adjust and modify 2D designs of all patterns, including technical specifications, for various footwear construction types with 2D CAD systems. Grade and make the nesting. Produce technical sheets."
http://data.europa.eu/esco/skill/74374d09-7a54-4a05-ae78-d5940423de7c,use testing equipment,Use equipment to test performance and operation of machinery.
http://data.europa.eu/esco/skill/744442ac-c157-4350-8be0-ce454df4f5c5,perform ICT troubleshooting,"Identify problems with servers, desktops, printers, networks, and remote access, and perform actions which solve the problems."
http://data.europa.eu/esco/skill/7482a123-e801-48de-9733-262125671410,task algorithmisation,The techniques to convert unstructured descriptions of a process into step-by-step sequence of actions of a finite number of steps.
http://data.europa.eu/esco/skill/749ae61c-fe7b-461b-8bc3-349f46617ee7,locate microchip in animals,"Scan the animal carefully, using the correct procedure for the type of scanner, to locate the possible presence of a microchip. Check the data on the relevant database or other documentation where a microchip is detected. Use the back track system to identify who implanted the chip, where a chip is not listed in a database."
http://data.europa.eu/esco/skill/749ce4c2-4dfd-461a-a8f3-0f6914814d3e,securities,"The financial instruments traded in financial markets representing both the right of property over the owner and at the same time, the obligation of payment over the issuer. The aim of securities which is raising capital and hedging risk in financial markets."
http://data.europa.eu/esco/skill/7557f0f4-b8bc-4ac0-b91e-222ab1ba744f,tools for ICT test automation,"The specialised software to execute or control tests and compare predicted testing outputs with actual testing results such as Selenium, QTP and LoadRunner."
http://data.europa.eu/esco/skill/75697ed4-c1a3-47dc-93e3-bb50f21aa2f6,non-destructive testing,"The techniques used to assess the characteristics of materials, products and systems without causing damage, such as ultrasonic, radiographic, and remote visual inspection and testing."
http://data.europa.eu/esco/skill/757109c4-c04b-40b6-ada8-9bdc4153387e,sell software maintenance contracts,Sell software maintenance services for permanent support of sold products.
http://data.europa.eu/esco/skill/757e2bb2-efe6-4e93-80b3-2ce35fc1ebb2,establish educational network,"Establish a sustainable network of useful and productive educational partnerships to explore business opportunities and collaborations, as well as stay current about trends in education and topics relevant to the organisation. Networks should ideally be developed on a local, regional, national and international scale."
http://data.europa.eu/esco/skill/75b3de5a-631e-4f03-be48-3808397dc165,apply publicity code,"Apply legislation and rules to present products to a public in texts, pictures and other symbols."
http://data.europa.eu/esco/skill/75f839c2-fd9a-4ad3-8921-6e734608568d,use query languages,Retrieve information from a database or information system using computer languages designed for the retrieval of data.
http://data.europa.eu/esco/skill/761fd66c-f138-4403-9588-c1b0b1e6b9db,take referrals for genetic testing,"Receive patients who have been referred to genetic testing by other specialists, taking into account the patients` condition such as patients with birth defects, developmental delay, autism, epilepsy)."
http://data.europa.eu/esco/skill/76654176-5cc8-4cb3-b307-4ef1b6c2543c,zoning codes,"The division of land into zones where various uses and activities are allowed, such as residential, agricultural, and industrial activities. These zones are regulated by legislative procedures and local authorities."
http://data.europa.eu/esco/skill/76ef6ed3-1658-4a1a-9593-204d799c6d0c,NoSQL,"The Not Only SQL non-relational database used for creating, updating and managing large amounts of unstructured data stored in the cloud."
http://data.europa.eu/esco/skill/76f22707-8d30-453f-9eb7-3376e2960311,handle mail,"Handle mail considering data protection issues, health and safety requirements, and specifications of different kinds of mail."
http://data.europa.eu/esco/skill/76f552ef-bb2d-4f66-83a8-ad205086967e,educate people about nature,"Speak to a variety of audiences about e.g. information, concepts, theories and/or activities related to nature and its conservation. Produce written information. This information may be presented in a range of formats e.g. display signs, information sheets, posters, website text etc."
http://data.europa.eu/esco/skill/770d4956-b5e0-4d44-bf42-3a766b232c5d,maintain a central project repository,Store project files and documents in a central repository accessible to the project manager and to all the project teams. Use available online tools and dedicated software.
http://data.europa.eu/esco/skill/77115e7d-94aa-44cf-aa9c-7ba1f77951aa,perform maintenance on fire alarm systems,Monitor the fire alarm system in the building and maintain emergency lights and smoke detectors by performing regular testing.
http://data.europa.eu/esco/skill/77176c98-a246-4b3c-8777-dcb32e54e955,handle fragile items,Use different specialised handling for products that are delicate and tend to be broken or damaged easily.
http://data.europa.eu/esco/skill/771cc8fa-a72f-47f7-91fc-6fabdc693c8d,test optoelectronics,"Test optoelectronic systems, products, and components using electronic, optic, and photonic testing and measuring equipment."
http://data.europa.eu/esco/skill/772a9c72-abef-4333-9788-f4cb48ad8e08,identify software for warehouse management,"Identify relevant software and applications used for warehouse management systems, their characteristics and value added to warehouse management operations."
http://data.europa.eu/esco/skill/779f5db1-66db-4790-90db-818bcaddcc29,monitor programming finances,"Oversee the monitoring of the budgets for each production, and find as many funds and sponsors as necessary in order to contribute to the financial optimisation of the production."
http://data.europa.eu/esco/skill/77ac0804-a866-4055-a56a-5e232beb15de,adapt evaluation methodology,"Use appropriate evaluation methods, identify data requirements, sources, sampling, and data collection tools. Adapt evaluation designs and methods to specific contexts."
http://data.europa.eu/esco/skill/77e7cb08-2c6f-42ab-881b-b34b2318acbe,manage administrative systems,"Ensure administrative systems, processes and databases are efficient and well managed and give the sound basis to work together with the administrative officer/staff/professional."
http://data.europa.eu/esco/skill/77f109c4-3107-4d2a-a512-5160ac103933,analyse environmental data,Analyse data that interpret correlations between human activities and environmental effects.
http://data.europa.eu/esco/skill/7814e88f-c133-4c3b-b27f-857afa145d42,ICT security legislation,"The set of legislative rules that safeguards information technology, ICT networks and computer systems and legal consequences which result from their misuse. Regulated measures include firewalls, intrusion detection, anti-virus software and encryption."
http://data.europa.eu/esco/skill/78845d0c-e56f-4318-a9c6-bf75931dd520,conduct threat intelligence,"Conduct cyber threats intelligence by collecting, analysing, and interpreting data about potential cyber threats. Leverage various sources of information such as open-source intelligence (OSINT), social media, or dark web services."
http://data.europa.eu/esco/skill/78a74fd1-efc6-49dc-adb1-1b0fbe35c22c,provide software testing documentation,Describe software testing procedures to technical team and analysis of test outcomes to users and clients in order to inform them about state and efficiency of software.
http://data.europa.eu/esco/skill/78f81b3e-b095-414a-8d7c-56b567f6ed33,manage mineral testing procedures,Manage mineral testing procedures in order to assess product quality at all stages.
http://data.europa.eu/esco/skill/7957b5f9-1f33-4ff8-84e9-e258b17882c2,test microelectronics,Test microelectronics using appropriate equipment. Gather and analyse data. Monitor and evaluate system performance and take action if needed.
http://data.europa.eu/esco/skill/7961413f-61d0-4722-9cd9-20a050a29899,perform software unit testing,Test single units of source code to determine whether or not they are suitable for use by creating short code fragments.
http://data.europa.eu/esco/skill/797a4416-0b8d-44f3-8fcd-eb10bd0be6b4,develop software prototype,Create a first incomplete or preliminary version of a piece of software application to simulate some specific aspects of the final product.
http://data.europa.eu/esco/skill/79a5bc25-5b59-47bc-a4c2-fb8e8cb1ddf6,smart grids systems,"Smart grids are a digital electricity network. The system involves the electronic digital control of production, distribution and use of electricity, information management of the components and energy saving."
http://data.europa.eu/esco/skill/79e29b8b-47d1-470d-b7b1-32506bfe7d9a,collect ICT data,Gather data by designing and applying search and sampling methods.
http://data.europa.eu/esco/skill/79f24a62-7718-46e1-9b41-37be0560a5ca,organisational resilience,"The strategies, methods and techniques that increase the organisation's capacity to protect and sustain the services and operations that fulfil the organisational mission and create lasting values by effectively addressing the combined issues of security, preparedness, risk and disaster recovery."
http://data.europa.eu/esco/skill/7a757fa5-9a6f-43ab-9e66-f8f4dba1ffcb,use CAM software,"Use computer-aided manufacturing (CAM) programmes to control machinery and machine tools in the creation, modification, analysis, or optimisation as part of the manufacturing processes of workpieces."
http://data.europa.eu/esco/skill/7a86907d-1fd5-4e8f-b0f1-f366a14f6f6d,Javanese,The Javanese language.
http://data.europa.eu/esco/skill/7a950986-27fe-4b6c-adf3-88f211e77019,robotic components,"The components that can be found in robotic systems, such as microprocessors, electronics, sensors, circuit boards, encoders, servomotors, controllers, pneumatics or hydraulics."
http://data.europa.eu/esco/skill/7aa52bdc-9c56-4341-be65-e8e30f64403f,monitor automated machines,"Continuously check up on the automated machine's set-up and execution or make regular control rounds. If necessary, record and interpret data on the operating conditions of installations and equipment in order to identify abnormalities."
http://data.europa.eu/esco/skill/7abd0821-f3ba-4946-a79a-310edb85471f,conduct genome research,"Conduct research on matters relating to the genome, including gene expression, metabolic networks and nucleic acid or protein complexes."
http://data.europa.eu/esco/skill/7abf5b24-8f18-49c5-a64b-5a5870a03a56,convert scribbles into virtual sketches,Use software to convert the roughly drawn representation of a design into a two-dimensional geometrical sketch that they can further develop to obtain the final concept.
http://data.europa.eu/esco/skill/7ad85aef-f74d-4c57-8dde-adc1d3e8269a,conduct drug abuse tests,"Conduct alcohol and drug tests according to government and company policies and procedures. Conducts random, reasonable suspicion, and post-accident testing using basic equipment."
http://data.europa.eu/esco/skill/7b0d5000-00da-4864-b776-6de49a87a669,computer vision,"The definition and functioning of computer vision. Computer vision tools to allow computers to extract information from digital images such as photographs or video. Areas of application to solve real-world problems like security, autonomous driving, robotic manufacturing and inspection, digital image classification, medical image processing and diagnosis, and others."
http://data.europa.eu/esco/skill/7b1b3684-1d84-43b0-9a8f-54ba736fa506,read ship operational data,Analyse and utilise vessel data in order to prevent potential problems.
http://data.europa.eu/esco/skill/7b5cb897-2ee8-450c-85a6-d73925cbd1dc,GameSalad,The drag-and-drop software interface that consists of specialised design tools used for the rapid iteration of user-derived computer games by users with limited programming knowledge.
http://data.europa.eu/esco/skill/7b5cce4d-c7fe-4119-b48f-70aa05391787,computer science,"The scientific and practical study that deals with the foundations of information and computation, namely algorithms, data structures, programming, and data architecture. It deals with the practicability, structure and mechanisation of the methodical procedures that manage the acquisition, processing, and access to information."
http://data.europa.eu/esco/skill/7b8e3008-ce46-485b-be6c-131414c73000,colour ranges of roasting,"Different colour codes and ranges, usually depicted in colour charts, to define their roast color levels."
http://data.europa.eu/esco/skill/7bf4539a-3f2e-4485-876b-1c9306b181af,John The Ripper (penetration testing tool),The tool John the Ripper is a password recovery tool which tests security weaknesses of the systems for potentially unauthorised access to system information. The key features of this tool are the strength-checking code and password hash code.
http://data.europa.eu/esco/skill/7c3af444-676d-4506-8469-7eb4302c52ba,develop rubber compound formulas,"Based on testing results, customer requirements and international standards, draw up formulas that enable the manufacturing processes to be initiated and performed by standard rubber machines."
http://data.europa.eu/esco/skill/7c455b13-bc86-40bc-bedb-4f7c35e685b4,teach electronics and automation principles,"Instruct students in the theory and practice of electronics and automation, with the aim of assisting them in pursuing a future career in this field, more specifically in the maintenance and repair of electrical, electronic, and automated systems."
http://data.europa.eu/esco/skill/7c50c8be-c5c0-4c36-9e0b-e06176572944,calculate quotations for security devices services,"Calculate and present quotations for the installation or maintenance services to be provided to clients, according to their door devices, costs and schedules."
http://data.europa.eu/esco/skill/7c821387-b428-4f75-b5a7-7b038aa81cfd,use a warehouse management system,"Use software in order to store materials within a warehouse and perform operations such as shipping, receiving and picking."
http://data.europa.eu/esco/skill/7c8a86b2-b0ae-4969-901a-5949d9974755,operate battery test equipment,"Operate equipment used for battery testing, such as a soldering iron, a battery tester, or a multimeter. Detect flaws affecting the battery's performance, test the battery's capacity for accumulating charge, or test its voltage output."
http://data.europa.eu/esco/skill/7c9cb75d-ca4a-47c0-a989-ec0ba65a4bf0,use typesetting software,Use specialised computer programs to arrange the type of texts and images to be printed.
http://data.europa.eu/esco/skill/7ca5d3c2-2cea-4fac-88e4-f2955c5b705c,use IT systems for commercial purposes,Convey and communicate data and make commercial decisions by using internal and external IT-systems where appropriate.
http://data.europa.eu/esco/skill/7cbc635a-596b-4784-abba-31526a1fe92f,implement relevant technical skills to perform at the highest level in sport,"Identify the technical demands and work with coaching/supporting team (e.g. coaches, physiotherapist, nutritionist, psychologist) to implement an adapted programme to achieve the targeted highest level performance."
http://data.europa.eu/esco/skill/7cf2762d-32e1-4b21-8ef8-574e40310c18,morality,"The principles and beliefs derived from a code of conduct, accepted by a large group of people, that make the distinction between what is right and wrong behaviour."
http://data.europa.eu/esco/skill/7d08e3cd-3a68-4568-8273-5b53ac0cbc71,collect healthcare user's general data,Collect qualitative and quantitative data related to the healthcare user's anagraphic data and provide support on filling out the present and past history questionnaire and record the measures/tests performed by the practitioner.
http://data.europa.eu/esco/skill/7d10fcb2-b368-48ab-996b-7c9fafcf68ed,use automatic programming,"Utilise specialised software tools to generate computer code from specifications, such as diagrams, structured informations or other means of describing functionality."
http://data.europa.eu/esco/skill/7d11f682-644f-44fa-ad08-d6b0d97d2f28,develop shipping itineraries,Develop a total journey scenario using equipment and specialised software. Plot multiple port voyages while optimising utilisation of cargo space and ship capacity throughout the entire voyage.
http://data.europa.eu/esco/skill/7d5ff73e-7bea-436d-974f-3a51ce24a138,develop virtual game engine,Create a virtual software framework that abstracts the details of doing common game-related tasks.
http://data.europa.eu/esco/skill/7d7221d4-4d64-49e8-94a6-a3b19b7c3455,monitor building security,"Check on a regular basis that the building's doors, windows, and locks are properly and securely closed and that no hazards are likely to happen."
http://data.europa.eu/esco/skill/7d874411-d555-4320-8356-6f7715c15ef5,perform diagnostic testing for allergies,"Perform diagnostic testing for allergies to drugs, vaccines, or other substances used in medicinal treatment."
http://data.europa.eu/esco/skill/7d913551-e17a-40ba-baf7-48d0c3b12e50,predictive maintenance,The use of data analytics and mathematical calculation to manage and monitor the conditions of machines and production processes.
http://data.europa.eu/esco/skill/7dfbe0f3-076f-4a19-9eaa-db4d6db704b6,keep up-to-date to computer trends,"Stay aware of the current developments and trends in computer hardware, software and peripherals."
http://data.europa.eu/esco/skill/7e1f9657-ab4e-407c-842f-b846197060e3,execute ICT audits,"Organise and execute audits in order to evaluate ICT systems, compliance of components of systems, information processing systems and information security. Identify and collect potential critical issues and recommend solutions based on required standards and solutions."
http://data.europa.eu/esco/skill/7e796b51-49d7-4e73-95af-2e7323763f15,design database in the cloud,"Apply design principles for an adaptive, elastic, automated, loosely coupled databases making use of cloud infrastructure. Aim to remove any single point of failure through distributed database design."
http://data.europa.eu/esco/skill/7ee4c2ea-b349-4bd2-81a3-ec31475d4833,statistics,"The study of statistical theory, methods and practices such as collection, organisation, analysis, interpretation and presentation of data. It deals with all aspects of data including the planning of data collection in terms of the design of surveys and experiments in order to forecast and plan work-related activities."
http://data.europa.eu/esco/skill/7f0b1a66-ebaf-4c8a-b606-4c1844eb692e,attend to ICT systems quality,"Ensure correct operations which comply fully with specific needs and outcomes in terms of the development, integration, security and overall management of ICT systems."
http://data.europa.eu/esco/skill/7f27f1ff-2e17-4b69-990e-c23334478313,assessment of risks and threats,The security documentation and any security-related communications and information.
http://data.europa.eu/esco/skill/7f2afce6-e98b-4bbe-8441-d52b45e28ab8,telecom regulations,"Code of rules to protect telecommunication consumers, ensuring high standards of communication services such as equivalent and affordable access, connectivity, transparency of contracts or security against malware. The regulation covers web-based and traditional services."
http://data.europa.eu/esco/skill/7f321b88-3d16-4e30-8163-5494ca8ce978,engage others in environment friendly behaviours,Inform about and promote environmental friendly behaviours in social networks and at work.
http://data.europa.eu/esco/skill/7f783956-f734-4d56-85de-10f0c1706f8a,record customers' personal data,Gather and record customers' personal data into the system; obtain all signatures and documents required for rental.
http://data.europa.eu/esco/skill/7f7cdd61-bb45-47e9-b7a2-9c5f42d48015,plan presence at professional events,"Use your personal network to inform your contacts of your current and upcoming professional events, such as premieres, performances, workshops, open rehearsals, fairs, and contests. Create a calendar to plan your attendence at professional events and check financial feasibility."
http://data.europa.eu/esco/skill/7fc1fbed-87c5-4703-af74-4722ef42b9a0,keep records of animal inseminations,Create and maintain records of animal inseminations including dates and other data.
http://data.europa.eu/esco/skill/7fd9f786-b13d-460e-be9d-6144a77b7a23,install lockable devices,"Install security locking devices, such as automatic doors, lockers and keying systems, in compliance with specifications and building safety codes and regulations."
http://data.europa.eu/esco/skill/80274731-15ce-490a-8d5b-f55a36b976b0,prepare construction documents,"Draft, update and archive documents concerning the planning and implementation of construction or renovation projects including information about security systems and accounting documentation."
http://data.europa.eu/esco/skill/805e4fac-5325-42a2-a9e7-c6c777185a05,manage online gambling,"Set up, coordinate and manage online gambling activities. Monitor the action on the online gambling website and ensure customer service procedures run as planned. Coordinate the technical staff to maintain the gambling software and plan operations to secure profits."
http://data.europa.eu/esco/skill/8071881c-d652-46e7-9cf4-e06a7f1e57c7,manage major incidents,Take immediate action to respond to major incidents that affect the safety and security of individuals in private or public places such as road accidents.
http://data.europa.eu/esco/skill/807b974a-3901-49c4-87ef-86c3edaba222,promote one's writings,"Talk about one's work at events and conduct readings, speeches and book signings. Establish a network among fellow writers."
http://data.europa.eu/esco/skill/807d89b5-3557-4259-8e2c-1b374d497fe8,analyse data for aeronautical publications,"Collect, edit, and analyse data received from civil aviation authorities and related services. Analyse the data to prepare amendments that are incorporated into aeronautical informational publications."
http://data.europa.eu/esco/skill/8088750d-8388-4170-a76f-48354c469c44,cyber security,"The methods and best practices that protect ICT systems, networks, computers, devices, services, processes and people against unauthorised access, modification and/or denial of service of assets."
http://data.europa.eu/esco/skill/8096627b-c5a5-4235-b1ee-eca8be976eb2,maintain records of phone calls,"Keep track of the phone calls made. Record the caller's personal data, the content of the call and other metadata in accordance with company policies and legal regulations."
http://data.europa.eu/esco/skill/810134a4-3c40-4140-b8ca-6d6e8d0dc0f1,develop scientific theories,"Formulate scientific theories based on empirical observations, gathered data and theories of other scientists."
http://data.europa.eu/esco/skill/81086bb0-a110-470d-ba5a-2c68fc535407,manage flight data communications programme,"Manage the exchanges of digital data between air traffic controllers and pilots to enable efficient aviation operations, such as trajectory-based routing and optimised profile descents. Support the safety-of-flight command, control, and information services by providing data connectivity. Provide ground automated message generation, transmission, and routing."
http://data.europa.eu/esco/skill/811bdb9d-5bf7-4b5a-a3f5-4fc2002f6d57,financial capability,"Financial operations such as calculations, cost estimations, budget management taking relevant commercial and statistical data into account such as data for materials, supplies and manpower."
http://data.europa.eu/esco/skill/812b8819-9b7a-4df9-9c9f-1b60888d0861,e-tailoring,The business model using softwares and technical applications in order to gather the information of clients for the manufacturing of bespoke products.
http://data.europa.eu/esco/skill/81633a44-f1db-4a01-a940-804c6905e330,use word processing software,"Use computer software applications for composition, editing, formatting, and printing of any sort of written material."
http://data.europa.eu/esco/skill/8181aa4c-42bc-4036-a3d2-5cb6bbb34239,handle cybersecurity incidents,"Detect, identify, analyze, and respond, to cybersecurity incidents in an organization's systems or network. It involves incident response plans such as intrusion detection systems, log analysis, and documenting detailed information about potential incidents."
http://data.europa.eu/esco/skill/818c2b89-1335-4443-ada7-e1046862e273,install automation components,Install the automation components according to the specifications of the circuit diagram.
http://data.europa.eu/esco/skill/81a2db2c-7e55-44d0-9cd9-74c25147d7cd,analyse test data,"Interpret and analyse data collected during testing in order to formulate conclusions, new insights or solutions."
http://data.europa.eu/esco/skill/81b082fb-9a00-4660-976a-10c985979100,IBM InfoSphere Information Server,"The software program IBM InfoSphere Information Server is a platform for integration of information from multiple applications, created and maintained by organisations, into one consistent and transparent data structure, developed by the software company IBM."
http://data.europa.eu/esco/skill/81d47290-6046-44c9-96e0-7d54542072b5,ensure health and safety of staff,"Promote and maintain a culture of health, safety and security among the staff by maintaining policies and procedures for the protection of vulnerable participants and when necessary, dealing with suspicions of possible abuse."
http://data.europa.eu/esco/skill/8203b07a-8097-4383-aff6-603b7df7f0f4,ATM systems,"The different technologies, software, hardware and operations that are used or can be found in automated teller machines."
http://data.europa.eu/esco/skill/82312096-4df8-49ce-9cdd-a6e08af56b45,evaluate information services using metrics,"Use bibliometrics, webometrics and web metrics to evaluate information services."
http://data.europa.eu/esco/skill/82313e12-9d39-47d1-b7c9-78bbd6bb50e2,CAE software,The software to perform computer-aided engineering (CAE) analysis tasks such as Finite Element Analysis and Computional Fluid Dynamics.
http://data.europa.eu/esco/skill/82394321-7f35-4a29-b2fa-4a58f66258f5,simulate transport problems,Implement transport-related data in software and computer models to simulate transport issues such as traffic jams in order to find innovative solutions.
http://data.europa.eu/esco/skill/8259c2c0-2749-41e2-a4a8-4a64a76eab37,laboratory techniques,"Techniques applied in the different fields of natural science in order to obtain experimental data such as gravimetric analysis, gas chromatography, electronic or thermic methods."
http://data.europa.eu/esco/skill/82de2df7-0d6c-42b1-94ac-b3e9a029e917,use back-up and recovery tools,"Use tools which allow users to copy and archive computer software, configurations and data and recover them in case of loss."
http://data.europa.eu/esco/skill/83218cac-3599-417e-93d2-26013cdccd98,service-oriented modelling,"The principles and fundamentals of service-oriented modelling for business and software systems that allow the design and specification of service-oriented business systems within a variety of architectural styles, such as enterprise architecture and application architecture."
http://data.europa.eu/esco/skill/8369c2d6-c100-4cf6-bd83-9668d8678433,utilise machine learning,"Use techniques and algorithms that are able to extract mastery out of data, learn from it and make predictions, to be used for program optimisation, application adaptation, pattern recognition, filtering, search engines and computer vision."
http://data.europa.eu/esco/skill/8369ede5-4200-4a44-be2e-bc60ef959259,Microsoft Visual C++,"The computer program Visual C++ is a suite of software development tools for writing programs, such as compiler, debugger, code editor, code highlights, packaged in a unified user interface. It is developed by the software company Microsoft."
http://data.europa.eu/esco/skill/83b33952-3872-46ec-9a2e-b28f91303a7e,oversee development of software,"Organise, plan and supervise the development of the applications and frameworks in order to create a software product, from the earliest planning stages to the final product test."
http://data.europa.eu/esco/skill/83b493c8-4837-41e3-9800-cff1df06cf38,configure media integration systems,"Define and configure the relation between incoming and outgoing signals for performing art and event applications. Using visual programming software, translating the used signal protocols, patching, merging or splitting data streams."
http://data.europa.eu/esco/skill/83d9f34d-d362-4b8c-993a-aa8a8be407f4,arrange security of goods for auction,"Arrange transportation, insurance, and safety and security regulations for goods to be sold at an auction."
http://data.europa.eu/esco/skill/84251cb1-babf-4d17-a3cd-baa642c24c8d,IBM Informix,"The computer program IBM Informix is a tool for creating, updating and managing databases, developed by the software company IBM."
http://data.europa.eu/esco/skill/84f583f4-f32a-4202-9b92-e25f0c978410,core banking software,"The selection of software for core banking activities management (e.g. deposits, payments, loans, bank transactions, customer data) and other functions related to banking."
http://data.europa.eu/esco/skill/84f58e3d-8669-4d83-8c1d-5dd1e73a654f,create database diagrams,Develop the database design models and diagrams which establish the structure of a database by using modelling software tools to be implemented in further processes.
http://data.europa.eu/esco/skill/85038d57-1fdd-40de-b908-2c005545a8c3,SketchBook Pro,The computer program SketchBook Pro is a graphical ICT tool which enables digital editing and composition of graphics to generate both 2D raster or 2D vector graphics. It is developed by the software company Autodesk.
http://data.europa.eu/esco/skill/8542b62b-18b1-4c7f-9d4e-e717c10fbd72,produce textile designs,"Draw sketches for textile design, by hand or on computer, using specialist Computer Aided Design (CAD) software."
http://data.europa.eu/esco/skill/85616cc4-98bf-4355-9cf1-72ff11752848,develop ICT device driver,Create a software program that controls the working of an ICT device and its interaction with other applications.
http://data.europa.eu/esco/skill/85834248-bb25-418d-9e34-bb6c5af88418,make decisions regarding landscaping,Resolve problems by making decisions regarding projects and installation tasks for landscaping sites.
http://data.europa.eu/esco/skill/85a67bc3-708c-4eab-86f6-4529d01d12a6,contribute to development of biometric systems,Contribute to the development or optimisation of technological systems that rely on specific biological data run through algorithms in order to identify people.
http://data.europa.eu/esco/skill/85e6b82a-8244-45f6-8300-a6b2d62ee748,communicate test results to other departments,"Communicate testing information such as testing schedules, samples testing statistics and test results, to the relevant departments."
http://data.europa.eu/esco/skill/85f46538-ae70-498a-bfbc-b8ddafe96c7d,levels of software testing,"The levels of testing in the software development process, such as unit testing, integration testing, system testing and acceptance testing."
http://data.europa.eu/esco/skill/861313ba-3a1a-4d33-842a-1b8e45e2415b,manage ICT legacy implication,"Oversee the transfer process from a legacy (an outdated system) to a current system by mapping, interfacing, migrating, documenting and transforming data."
http://data.europa.eu/esco/skill/8645704c-a896-4ac1-8189-9ac5586d5c3a,prepare detailed working drawings for interior design,Prepare sufficiently detailed working drawings or digital images using software to convey a realistic preview of the interior design project.
http://data.europa.eu/esco/skill/865ccba0-e1a2-402c-9641-d23a4acac6ea,manage security equipment,Oversee and conduct inventory of security tools and equipment.
http://data.europa.eu/esco/skill/867137fb-ff1b-4ca3-99f3-cb6969aa2c68,TypeScript,"The techniques and principles of software development, such as analysis, algorithms, coding, testing and compiling of programming paradigms in TypeScript."
http://data.europa.eu/esco/skill/8682024b-2c8b-4de4-8cd7-23ea6169da57,operate signal generator,"Use electronic devices or software tone generators that produce digital or analog repeating or non-repeating electronic signals in order to design, test and repair electronic and acoustic equipment."
http://data.europa.eu/esco/skill/86945516-619a-456e-b0d0-2fb31d927992,perform surveying calculations,"Perform calculations and gather technical data in order to determine earth curvature corrections, traverse adjustments and closures, level runs, azimuths, marker placements, etc."
http://data.europa.eu/esco/skill/8696aff0-18c0-4ba6-a4d0-9a21861b3e5e,World Wide Web Consortium standards,"The standards, technical specifications and guidelines developed by the international organisation World Wide Web Consortium (W3C) which allow the design and development of web applications."
http://data.europa.eu/esco/skill/86d2e2ea-1ba2-4aa6-b465-8a1f9abc81b8,apply information security policies,"Implement policies, methods and regulations for data and information security in order to respect confidentiality, integrity and availability principles."
http://data.europa.eu/esco/skill/86f0bb12-6491-4be7-8306-c88900e91a63,green bonds,The financial instruments traded in financial markets that aim at raising capitals for projects with specific environmental benefits.
http://data.europa.eu/esco/skill/86f7126d-97fd-4da5-be96-d1cf6ecd54e6,Microsoft Visio,The computer program Microsoft Visio is a graphical ICT tool which enables digital editing and composition of graphics to generate both 2D raster or 2D vector graphics. It is developed by the software company Microsoft.
http://data.europa.eu/esco/skill/871c123a-bb4d-42b9-bf23-4bf6850e8ac4,perform oil tests,"Perform oil sample tests in order to determine product quality; operate centrifugal testing equipment to assess levels of water, bottom sediment or foreign materials."
http://data.europa.eu/esco/skill/8764d4b1-e069-44f2-8baa-fb1eee1850ec,Oracle Application Development Framework,"The Java framework software development environment which provide specific features and components (such as enhanced reusability features, visual and declarative programming) that support and guide enterprise applications development."
http://data.europa.eu/esco/skill/876b2ab8-fc63-4643-ba12-c952df6a3abd,assemble bombs,"Tighten pierced and threaded plugs into the base of aerial bombs. Slip metal sleeves around the projectile, and pack the product in metal containers together with additional identification data."
http://data.europa.eu/esco/skill/876bb0fb-6b71-4617-9df6-ddabb9b7579f,report airport security incidents,"Compose comprehensive reports on airport security incidents, such as the detaining od unruly travellers, confiscation of luggage items, or damaging of airport property."
http://data.europa.eu/esco/skill/87738891-f25b-4afb-8ca0-3da88d9f9b4f,operate headbox,"Set up the part of the paper machine injecting the pulp solution between two rotating wires into the gap former, which drains the excess water and turns the pulp into a continuous web of paper."
http://data.europa.eu/esco/skill/87dacc38-195d-4502-80a5-5c032693a676,contribute to the programmer's reflection process,"Discuss previous seasons and projects in order to link them to to artistic trends, styles, etc. Help programmers and direction describe their artistic vision for the institution, programming season, venue, institution or project. Help reformulate and articulate their artistic intent. Identify influences and references, sources of inspiration, and the tone of the season. Suggest references to the work of choreographers, dancers, visual artists, filmmakers, performing artists, composers and sound designers, and suggest potential resource persons."
http://data.europa.eu/esco/skill/8804d963-5a31-4609-b5df-f741b7199fb7,internal auditing,"The practice of observing, testing, and evaluating in a systematic manner the processes of the organisation in order to improve effectivity, reduce risks, and add value to the organisation by installing a preventive culture."
http://data.europa.eu/esco/skill/88564d2d-2dc9-4789-864a-f9cb73f389ec,maintain data entry requirements,Uphold conditions for data entry. Follow procedures and apply data program techniques.
http://data.europa.eu/esco/skill/8867088a-e54d-41bc-81e8-a21ff98e81d3,calibrate electronic instruments,Correct and adjust the reliability of an electronic instrument by measuring output and comparing results with the data of a reference device or a set of standardised results. This is done in regular intervals which are set by the manufacturer and using calibration devices.
http://data.europa.eu/esco/skill/88af9294-b697-4687-ae19-aefbb6234dfa,economics,"Economic principles and practices, financial and commodity markets, banking and the analysis of financial data."
http://data.europa.eu/esco/skill/88b9ac3d-1c1d-44d1-9584-c4f5dd2503b3,improve user-friendliness,Research and test new methods to make a product such as a website or map easier to use and understand.
http://data.europa.eu/esco/skill/88c4376d-7783-4e63-8759-30680094b51a,comply with regulations on unpaved areas of airports,"Know and abide by regulation applying to unpaved areas of airports. Understand the security reasons and specifications for maintenance of green areas in airports, such as the height of grass."
http://data.europa.eu/esco/skill/89227433-950f-4d9d-b0b0-abc33356ab42,manage computer-based transport operation control systems,"Manage digital operation control systems to ensure data transfer between buses. Monitor real-time information about infrastructure, traffic conditions, traffic lights; control voice announcements in buses and provide passengers with real-time information."
http://data.europa.eu/esco/skill/896563fc-6255-4419-89c2-ffed30159ad6,conduct research interview,"Use professional researching and interviewing methods and techniques to gather relevant data, facts or information, to gain new insights and to fully comprehend the message of the interviewee."
http://data.europa.eu/esco/skill/896c43c3-0af9-41e3-867b-56b1ffda0b3e,computational physics,"The interdisciplinary field between physics, applied mathematics and computer science. It refers to the use of physics formulas and numerical algorithms to make computations at a large scale."
http://data.europa.eu/esco/skill/897b393f-e7e0-4248-a40d-d77119694e83,distributed computing,The software process in which computer components interact over a network and send messages to communicate on their actions.
http://data.europa.eu/esco/skill/89a717d5-b30c-4b15-982b-415e54c54edd,perform diving interventions,Perform hyperbaric interventions at a maximum pressure of 4 atmospheres. Prepare and review the personal equipment and the auxiliary material. Perform and supervise the dive. Realise maintenance of the diving equipment and auxiliary material. Apply security measures to ensure the divers' safety when realising deep immersions.
http://data.europa.eu/esco/skill/89d574b8-f0ea-4ae8-9008-f575e37e9f11,implement smart contracts,"Implement smart contracts for various applications, and in the most important smart contract frameworks such as Bitcoin and Ethereum, and in the most suitable programming languages such as Solidity, Rust, JavaScript, Vyper and Yul."
http://data.europa.eu/esco/skill/89db623e-e1fc-4ec2-9a0f-7b72b4c35303,gather experimental data,"Collect data resulting from the application of scientific methods such as test methods, experimental design or measurements."
http://data.europa.eu/esco/skill/89f5ecf0-fb04-46d0-8f2f-aa0a09d8d6aa,apply military aviation regulations,"Apply the procedures and regulations present in military aviation operations and missions, ensuring compliance with policies, safety and security."
http://data.europa.eu/esco/skill/89f6560b-2194-45c9-9ece-d33049a73eef,computer engineering,"Engineering discipline that combines computer science with electrical engineering to develop computer hardware and software. Computer engineering occupies itself with electronics, software design, and the integration of hardware and software."
http://data.europa.eu/esco/skill/8a0ea479-e98f-4f8d-bf13-edd6bdd4331e,operate testbeds,Operate testbeds which are designed to assist in the process of testing new equipment or engines. Control testbeds to facilitate the testing of engines or machinery under maintenance conditions.
http://data.europa.eu/esco/skill/8a30eb28-eca0-4ab6-8c05-32c47d3e0dd6,BlackArch,The BlackArch Linux distribution is a penetration testing tool which tests security weaknesses of the system for potentially unauthorised access to system information.
http://data.europa.eu/esco/skill/8aa4eb46-b5d7-454a-875d-9c12719007ce,carry out preventative internal medicine interventions,"Recommend to patients, depending on their condition, preventive and therapeutic treatments such as the use of medications, lifestyle changes, modification of addictive behaviours, physical therapies, nutrition or complementary medicine."
http://data.europa.eu/esco/skill/8afe68ff-b261-4fa8-ab25-bb30b0e5c292,motion graphics,"The techniques and software for creating the illusion of motion such as keyframing, Adobe After Effects, and Nuke."
http://data.europa.eu/esco/skill/8b3a2714-b2f9-4e27-84b9-b4624f0d25c1,create puppets,"Construct hand, string, rod and shadow puppets from materials such as wood, papier maché, Styrofoam, wires, metal and rubber, using hand and machine tools."
http://data.europa.eu/esco/skill/8b3aefd2-5021-418f-b069-828fb7abc598,nursing principles,"The ethics, the codes of conduct, the philosophy of nursing, the philosophy of human rights and nursing theories and concepts."
http://data.europa.eu/esco/skill/8b94aa1e-89c9-459d-b3b4-1dfab8dec2df,use software libraries,Utilise collections of codes and software packages which capture frequently used routines to help programmers simplify their work.
http://data.europa.eu/esco/skill/8bbdb795-0deb-478f-91e4-5238867ed8ba,blockchain terminology,"The terms used in blockchain sector which include account, attestation, block, Byzantine fault, coin, consensus, crypto-, decentralized application (DApp), DeFi, digital identity, distributed ledger, encryption, ether, fork, hyperledger, Merkle tree, mining, node, NFT, Proof of Authority, Proof of Stake, Proof of Work, public/private blockchain, trustless, validity proof, 51% attack, etc."
http://data.europa.eu/esco/skill/8bc3c77c-30c3-45e6-bd61-069ba433ecfe,e-learning software infrastructure,The infrastructure properties and specifications required to set up the e-learning environment which provides learning experiences to the audience.
http://data.europa.eu/esco/skill/8c88d336-c249-4537-b26e-d679a85c4b9b,Ajax Framework,The Ajax software development environments which provide specific features and components that support and guide web applications development.
http://data.europa.eu/esco/skill/8cc75c06-23da-421a-95a5-d504441ee356,identify electronic signals,Perform signal identification by analysing collected parameters in different languages and by electromagnetic radiation. These signals mostly originate in defense networks and are emitted from electronic parts such as radars and aircraft.
http://data.europa.eu/esco/skill/8d6a9e62-1e89-49df-8147-680081ce5315,use non-destructive testing equipment,"Use specific non-destructive testing methods and equipment that do not cause any damage to the product, such as X-rays, ultrasonic testing, magnetic particle inspection, industrial CT scanning and others, in order to find defects in and assure quality of a manufactured and a repaired product."
http://data.europa.eu/esco/skill/8d81e661-00de-4bbb-9582-920bce0018c9,manage ethical dilemmas in genetic testing,Deal with ethical limits of what genetic testing can provide in specific clinical situations.
http://data.europa.eu/esco/skill/8dcc1c68-1ebe-412b-b437-cab3c26da509,record data from biomedical tests,"Use information technology to accurately record and analyse data from biomedical tests, writing reports on the data and sharing results with the appropriate persons."
http://data.europa.eu/esco/skill/8deb6cb7-15e3-4fd7-a9eb-644c23de95fa,use shorthand computer program,Employ shorthand computer softwares in order to write and translate shorthands and put them into traditional legible transcripts.
http://data.europa.eu/esco/skill/8e23e474-53c3-4ca2-bccd-13a1cb37edba,manage casino facilities,"Manage opportunities for cost and process efficiencies in relation to the maintenance, cleaning, security, administration and other peripheral functions within the casino."
http://data.europa.eu/esco/skill/8e46491b-7ae4-4add-bb6f-b8854e73c914,maintain automated lighting equipment,"Set up, check and repair automated lighting equipment and maintain its software."
http://data.europa.eu/esco/skill/8e76cd71-fb0c-404b-957a-3044ec12d37c,apply fishing maneuvres,"Run shooting and hauling gear operations for its optimal performance, complying with the regulations for a responsible fish and with the security measures."
http://data.europa.eu/esco/skill/8ed0f653-795d-422b-8856-a55ec250bb88,research welding techniques,"Use a wide network to inform yourself of the various existing techniques used for welding metal pieces, their qualities and applications."
http://data.europa.eu/esco/skill/8ee39fb7-8b46-490e-ae21-6e8b32854dd6,manage dispatch software systems,"Manage dispatch software systems to execute tasks such as work order generation, route planning, and other activities."
http://data.europa.eu/esco/skill/8efa6a7a-6556-4cb8-908d-59d3b5c58d2f,cloud monitoring and reporting,"The metrics and alarms utilizing cloud monitoring services, in particular performance and availability metrics."
http://data.europa.eu/esco/skill/8efb6150-2c43-4109-b3cd-41c3451698ea,maintain mechanical equipment,"Observe and listen to machinery operation to detect malfunction. Service, repair, adjust, and test machines, parts, and equipment that operate primarily on the basis of mechanical principles. Maintain and repair vehicles meant for cargo, passengers, farming and landscaping."
http://data.europa.eu/esco/skill/8f113113-aa20-48f7-8da1-ac0051505d03,analyse milk control test results,Analyse and document milk control test results in relation to professional standards and business requirements. Efficiently use milk testing software and interpret the results.
http://data.europa.eu/esco/skill/8f32e02a-9290-47ab-ad28-6567bfc2f17a,design process for blockchain-based systems,"Design processes for blockchain-based systems which involves the clear identification of problems to be solved through blockchain, specifying the business requirements, identifying a consensus mechanism, choosing the most suitable blockchain platform, designing the blockchain nodes, planning the blockchain configuration, building blockchain APIs, designing user interfaces, and integrating accelerators for optimization."
http://data.europa.eu/esco/skill/8f98653a-4aee-4619-91c7-0cdc2f8e225a,manage plans for the utilisation of organic by-products,"Implement plans for the utilisation of organic by-products. Ensure that plans for the utilisation of organic by-products are in accordance with relevant legislation, codes of practice and cropping policies. Ensure that systems are in place to protect humans and animals from the dangers of working with organic by-products such as slurry gasses. Monitor the utilisation of organic by-products and take appropriate action if problems are identified."
http://data.europa.eu/esco/skill/8fa510d0-a8a6-4932-a361-00f8442cfe23,Wireshark,"The Wireshark tool is a penetration testing tool which evaluates security weaknesses, analysing network protocols through deep protocol inspection, live capture, display filters, offline analysis, VoIP analysis, protocol decryption."
http://data.europa.eu/esco/skill/8fa840f7-e66a-4370-8e6d-7d554260c31c,forecast future ICT network needs,Identify current data traffic and estimate how growth will affect the ICT network.
http://data.europa.eu/esco/skill/8ff015a0-98ea-4d80-a23e-1f68110a919e,software design methodologies,"The methodologies such as Scrum, V-model and Waterfall to design software systems and applications."
http://data.europa.eu/esco/skill/90227e81-a1f1-47ae-8e8a-453fb5661f08,use 3D scanners for clothing,Use different 3D body scanners and softwares to capture the shape and size of the human body in order to produce 3D body model for the creation of avatars and mannequins.
http://data.europa.eu/esco/skill/902fb91c-3113-4004-9b4f-79aa86b638b7,web application security threats,"The attacks, vectors, emergent threats on websites, web applications and web services, the rankings of their severity identified by dedicated communities such as OWASP."
http://data.europa.eu/esco/skill/906323f4-00c4-4c3b-ab5a-8af77be3456e,create data sets,Generate a collection of new or existing related data sets that are made up out of separate elements but can be manipulated as one unit.
http://data.europa.eu/esco/skill/906ef09c-959c-42de-8c65-6e11c73c3570,perform computer analyses of geotechnical structures,Use specialised digital databases and perform computer-aided analyses of geotechnical structures.
http://data.europa.eu/esco/skill/90be83d9-56f1-46a4-a6bc-96c51f6c9025,acquire system component,"Obtain hardware, software or network components which match other system components in order to expand it and perform necessary tasks."
http://data.europa.eu/esco/skill/9132541b-d9b4-4f98-ad69-a7d619b7db8e,use shaping machinery,Use various types of welding and cutting tools to shape and customize surfaces and materials.
http://data.europa.eu/esco/skill/913e7e83-b8f8-4574-b1ca-1b38f3fd974a,execute software tests,"Perform tests to ensure that a software product will perform flawlessly under the specified customer requirements and identify software defects (bugs) and malfunctions, using specialised software tools and testing techniques."
http://data.europa.eu/esco/skill/91695ae9-5236-4d68-af03-419dfec43b00,prescribe exercises,Provide a range of exercise programmes in accordance with the needs of the clients by applying principles of exercise programming.
http://data.europa.eu/esco/skill/918459f1-147d-46f5-8de1-87e5663da8b0,advise on security staff selection,Provide advice in the selection and recruitment of staff members in order to maintain and ensure the security and safety of the client.
http://data.europa.eu/esco/skill/9190d87f-9792-42e0-bb7f-64294a656bcd,monitor system performance,"Measure system reliability and performance before, during and after component integration and during system operation and maintenance. Select and use performance monitoring tools and techniques, such as special software."
http://data.europa.eu/esco/skill/923dc3f7-5e76-4159-a736-402be592fbfe,perform road testing of vehicles,Perform road tests with vehicles; ensure that all functions are working safely and correctly; test vehicle in extreme weather and road conditions.
http://data.europa.eu/esco/skill/925463a7-d51f-4d5b-9f79-4d28cf30acde,integrated development environment software,"The suite of software development tools for writing programs, such as compiler, debugger, code editor, code highlights, packaged in a unified user interface, such as Visual Studio or Eclipse."
http://data.europa.eu/esco/skill/9295d1c5-8d7d-423e-a6ce-dfbc1d991f88,apply digital mapping,Make maps by formatting compiled data into a virtual image that gives a precise representation of a specific area.
http://data.europa.eu/esco/skill/930c5458-9b5d-4438-bef6-fc69c2c08548,oversee aircraft sensor and recording systems,Supervise the installation of the aircraft sensors and recording systems during the flight tests to ensure that they meet required data paramaters.
http://data.europa.eu/esco/skill/93aaf65c-5aad-4e6f-a7ba-ce9bf7c0e6e6,information categorisation,The process of classifying the information into categories and showing relationships between the data for some clearly defined purposes.
http://data.europa.eu/esco/skill/93e65de1-923c-437e-aa5b-e6002967ce71,web based collaborative platforms,Online tools which facilitate communication and collaboration among Internet users in real time. Platforms with a range of functionalities created to facilitate organisational team work or promote productive workflow among other features.
http://data.europa.eu/esco/skill/93f1caa3-df33-4de7-98da-40f5fc30fd52,forensic intelligence,The procedures and methodology of gathering and analysing forensic intelligence and data for investigative purposes.
http://data.europa.eu/esco/skill/94579fbb-0485-48d4-b97e-ca85e15691d3,develop programming schedule,Develop a schedule for the broadcast of television and radio programs. Decide how much airtime a program gets.
http://data.europa.eu/esco/skill/94758266-bb0f-4e41-bedb-349ecacfaf5c,create freight rate databases,Develop and maintain freight rate databases for use by supply chain departments in order to determine and adopt the most cost-efficient modes of transportation.
http://data.europa.eu/esco/skill/94822a19-48d6-46f6-a053-c03f1b3b62ac,assess community arts programme resources,"Identify the intellectual, theoretical, or physical resources or supplies available to develop your mediation practice. Identify what further support you may need from other artists, other specialists (physiotherapists, physicians.), supporting workers, etc. Identify the administrative support you need and plan how you can outsource."
http://data.europa.eu/esco/skill/94c24e4a-cc9a-4a49-b623-bc00bb5aa1a3,identify airport safety hazards,"Spot threats related to security at the airport and apply procedures to counteract them in a quick, safe, and efficient way."
http://data.europa.eu/esco/skill/951cf2b2-cff4-4079-8bd3-3e14aa839cef,conduct fitness risk assessment,"Conduct appropriate testing, functional and physical fitness assessments with clients that will include screening and a risk stratification (against recognised protocols and methods) at risk, or with an identified health condition(s). The information and findings need to be analysed."
http://data.europa.eu/esco/skill/956487a3-5b0b-4d03-8d0e-01e71fb65482,social bonds,"A set of financial instruments that aim at raising capital for projects with positive social outcomes and that provide return on the investment upon the achievement of specific social policy goals. Social bonds are generally used to finance projects in areas such as affordable infrastructures, access to essential services, employment programmes, food security and sustainable food systems."
http://data.europa.eu/esco/skill/95c35c3a-035f-47c2-90cf-7e934d20fc08,electronics,"The functioning of electronic circuit boards, processors, chips, and computer hardware and software, including programming and applications."
http://data.europa.eu/esco/skill/95cdf47d-293f-4837-824d-6bc567fb0e7b,calibrate electromechanical system,Correct and adjust the reliability of an electromechanical system by measuring output and comparing results with the data of a reference device or a set of standardised results. This is done in regular intervals which are set by the manufacturer.
http://data.europa.eu/esco/skill/95d84b77-ba94-492f-a1e6-18be13f16cf0,use computer-aided translation,Operate computer-aided translation (CAT) software to facilitate the language translation processes.
http://data.europa.eu/esco/skill/9622b720-ee2b-44fb-8cd0-37afc9c183a4,evaluate scientific data concerning medicines,Evaluate scientific data concerning medicines in order to be able to provide appropriate information to patients on that basis.
http://data.europa.eu/esco/skill/966f2fd3-3de6-42da-b87c-da924c6d7960,digital game creation systems,"The integrated development environments and specialised design tools, designed for the rapid iteration of user-derived computer games."
http://data.europa.eu/esco/skill/969caeb0-cfc5-42aa-9c44-0ca3c09305fe,study traffic flow,"Study the synergy between vehicles, chauffeurs, and the transportation infrastructure such as roads, road signs and lights in order to create a road network where traffic can move efficiently and without many traffic jams."
http://data.europa.eu/esco/skill/96a67da1-881f-4d09-927e-ac75fcff4d93,compile content,"Retrieve, select and organise content from specific sources, according to the requirements of the output media such as printed materials, online applications, platforms, websites and video."
http://data.europa.eu/esco/skill/96eb286a-58b7-45ff-a916-5578d0b79b8c,Rapid application development,The rapid application development model is a methodology to design software systems and applications.
http://data.europa.eu/esco/skill/9710092c-f174-4e84-95bf-2064d39ad7a0,manage content metadata,"Apply content management methods and procedures to define and use metadata concepts, such as the data of creation, in order to describe, organise and archive content such as documents, video and audio files, applications and images."
http://data.europa.eu/esco/skill/9710209e-d80f-4459-aaa4-28aafadb008d,sell software personal training,Sell personal training services to customers who bought software products from the shop.
http://data.europa.eu/esco/skill/972465ce-3f6a-45c2-9a79-98b9ce97bdd2,perform dental clinical examination,"Perform a comprehensive examination of the patient`s teeth and gums, collecting data using clinical, radiographic, and periodontal techniques as well as dental charting and other techniques in order to assess the patient`s needs."
http://data.europa.eu/esco/skill/973e711f-5c7a-43b2-9ac7-3ab95505aa00,explain the molecular basis of a disease to patients,Explain to patients the basis of their disease from the molecular and metabolic points of view and how therapies can affect their lifestyles.
http://data.europa.eu/esco/skill/978db6a1-7297-4c89-819a-47605f2c3ba8,manage software releases,Examine and approve suggested software development releases. Manage further release process.
http://data.europa.eu/esco/skill/97965983-0da4-4902-9daf-d5cd2693ef73,3D modelling,The process of developing a mathematical representation of any three-dimensional surface of an object via specialised software. The product is called a 3D model. It can be displayed as a two-dimensional image through a process called 3D rendering or used in a computer simulation of physical phenomena. The model can also be physically created using 3D printing devices.
http://data.europa.eu/esco/skill/97bd1c21-66b2-4b7e-ad0f-e3cda590e378,data analytics,The science of analysing and making decisions based on raw data collected from various sources. Includes knowledge of techniques using algorithms that derive insights or trends from that data to support decision-making processes.
http://data.europa.eu/esco/skill/97bdd757-29d4-4126-92a6-07608825aa3b,QlikView Expressor,"The computer program QlikView Expressor is a tool for integration of information from multiple applications, created and maintained by organisations, into one consistent and transparent data structure, developed by the software company Qlik."
http://data.europa.eu/esco/skill/97e077b3-c517-4cd9-9486-0818b1da6a90,experimental psychology,The branch of psychology that is involved in testing theories in relation to all the various aspects of human mind through empirical research methods.
http://data.europa.eu/esco/skill/9836f5d5-1471-4403-8c09-82d1187e4912,develop medical device test procedures,"Develop testing protocols to enable a variety of analyses of medical devices and components before, during, and after the building of the medical device."
http://data.europa.eu/esco/skill/987a848a-01ec-4938-9f31-1af1c7bef651,maintain test equipment,Maintain equipment used for testing the quality of systems and products.
http://data.europa.eu/esco/skill/9889b795-d755-41b2-8afd-2e3c87a65a38,use customer relationship management software,"Use specialised software to manage company’s interactions with current and future customers. Organise, automate and synchronise sales, marketing, customer service, and technical support, to increase targeted sales."
http://data.europa.eu/esco/skill/989dc903-5838-4d84-8e04-e5b7a2ba97c5,apply safety management,Apply and supervise measures and regulations concerning security and safety in order to maintain a safe environment in the workplace.
http://data.europa.eu/esco/skill/98a1dec3-8138-4f46-a596-5e2a83b884b9,business analytics,The disciplines and technologies for solving business problems through employing quantitative methods such as data analysis and statistical models.
http://data.europa.eu/esco/skill/98a57799-0146-4849-a1d2-41021c4b7b8f,blockchain applications security principles,"The essential security principles, methods and controls for blockchain applications. Identity and access management, key management, data privacy, secure communication, smart contract security, and transaction endorsement are included as part of these principles."
http://data.europa.eu/esco/skill/98b28b00-81e6-41f0-8283-2335c9f5d3f3,barbering techniques,"The various techniques used for cutting and grooming male hairstyles and beards, such as shaping, graduating, and blending."
http://data.europa.eu/esco/skill/99095ca0-1218-462d-9e95-79e334ba8b63,analyse transport studies,"Interpret data from transport studies dealing with transport planning, management, operations and engineering."
http://data.europa.eu/esco/skill/99207709-d076-4cce-ba38-e90d3bb28806,resource description framework query language,The query languages such as SPARQL which are used to retrieve and manipulate data stored in Resource Description Framework format (RDF).
http://data.europa.eu/esco/skill/993b1e23-f2de-4bd8-b33f-f86dde1c8e9d,CoffeeScript,"The techniques and principles of software development, such as analysis, algorithms, coding, testing and compiling of programming paradigms in CoffeeScript."
http://data.europa.eu/esco/skill/9973a5a2-7822-4161-99e9-95c781eb63f8,Objective-C,"The techniques and principles of software development, such as analysis, algorithms, coding, testing and compiling of programming paradigms in Objective-C."
http://data.europa.eu/esco/skill/99814cb0-5f6c-4663-99a4-af28b11d5d2f,healthcare data systems,The types of systems that manage and maintain healthcare user data.
http://data.europa.eu/esco/skill/9983816d-cc78-4d3f-9e3c-c7baa9ebc77a,computer equipment,"The offered computers, computer peripheral equipment and software products, their functionalities, properties and legal and regulatory requirements."
http://data.europa.eu/esco/skill/99b163e8-7815-43e2-83f3-a47f3076354c,accounting entries,"The financial transactions recorded in accounting systems or books of a company together with the metadata linked to the entry such as the date, the amount, the accounts affected, and a description of the transaction."
http://data.europa.eu/esco/skill/99c45fa5-093a-4fb9-b682-4ca46e552e33,develop transportation cost metrics,Know various routing protocols to calculate itineraries. Compare different possible routes and determine the most efficient one. Understand topological and link-state databases.
http://data.europa.eu/esco/skill/9a0d0abc-010d-440b-8242-7e31510471ba,information governance compliance,"The policies regarding processes and procedures for use of information, the balance between information availability and information security and IPR (Intellectual Property Rights) and personal data protection."
http://data.europa.eu/esco/skill/9a35cb50-8106-45f9-8aba-2df99dd6f913,ABBYY FineReader,"The computer program ABBYY FineReader is software that electronically converts printed and typed images into machine-encoded text so that documents can be electronically stored, edited and digitally displayed."
http://data.europa.eu/esco/skill/9ab0a456-e4f6-4070-a360-46e1009b6c0d,use CAE software,Work with computer-aided engineering (CAE) tools to perform analysis tasks such as Finite Element Analysis and Computational Fluid Dynamics.
http://data.europa.eu/esco/skill/9ab32fb9-93e4-4226-84a1-fbfaf5c71eb6,respond to changing navigation circumstances,Respond decisively and in sufficient time to unexpected and rapidly changing situations while navigating.
http://data.europa.eu/esco/skill/9af1bd12-01bd-4d6a-947b-69e64f23150a,process qualitative information,"Compile, code, categorise, calculate, tabulate, audit or verify qualitative information."
http://data.europa.eu/esco/skill/9affa779-f5b9-4419-b20a-d18db93c4b9d,conduct re-tanning operations,Conduct re-tanning operations to produce a further stabilisation of the collagen network.
http://data.europa.eu/esco/skill/9b6a88df-d64d-4c06-ad01-dc23dc92632d,organise resources for artistic production,"Coordinate human, material and capital resources within artistic productions, based on the given documentation e.g. scripts."
http://data.europa.eu/esco/skill/9b9c1749-786a-42d5-a904-a1bcd9865d86,meet the requirements of social security reimbursement bodies,Ensure that the sessions are compliant with the requirements of the national social security bodies and that reimbursements are acceptable.
http://data.europa.eu/esco/skill/9b9de2a4-d8af-4a7b-933a-a8334ae60067,JavaScript Framework,"The JavaScript software development environments which provide specific features and components ( such as HTML generation tools, Canvas support or Visual design) that support and guide JavaScript web applications development."
http://data.europa.eu/esco/skill/9ba355be-f119-42b6-a7d6-52f6ce2e4a3f,design circuits using CAD,Draught sketches and design electronic circuitry; utilise Computer Aided Design (CAD) software and equipment.
http://data.europa.eu/esco/skill/9ba8fd27-275d-4bad-8c48-f668aa99a578,balance database resources,"Stabilise the workload and resources of a database, by controlling the demand of transactions, allocating disk spaces and ensuring reliability of the servers in order to optimise cost and risk ratio."
http://data.europa.eu/esco/skill/9bafaea2-76cd-4532-ab77-8b3d21fa6235,coordinate remote communications,"Direct network and radio communications between different operational units. Receive and transfer further radio or telecom messages or calls. These might include messages from the public, or the emergency services."
http://data.europa.eu/esco/skill/9bc55018-2d45-45c7-a2e0-d60bfbc5c059,electroform,Electroform music or computer data from a glass master on a nickel submaster in a chemical bath.
http://data.europa.eu/esco/skill/9c48a5cc-d4a5-4cef-93f7-504902f35319,id Tech,"The game engine id Tech which is a software framework that consists of integrated development environments and specialised design tools, designed for the rapid iteration of user-derived computer games."
http://data.europa.eu/esco/skill/9c6974e1-8d8b-43e9-b6b0-75da7634bfc9,fundamental analysis,The techniques for measuring the intrinsic value of a financial security through the assessment its economic and financial factors. It combines together the analysis of macroeconomic trends and of financial statements of the companies.
http://data.europa.eu/esco/skill/9ce52938-fe28-4548-b38d-0c783933e19a,edit digital moving images,Use specialised software to edit video images for use in an artistic production.
http://data.europa.eu/esco/skill/9ce670ec-318c-4a91-9179-03437db728dc,ICT software specifications,"The characteristics, use and operations of various software products such as computer programmes and application software."
http://data.europa.eu/esco/skill/9cf681c7-89ec-470c-b651-7fe03786f586,query languages,The field of standardised computer languages for retrieval of information from a database and of documents containing the needed information.
http://data.europa.eu/esco/skill/9d0d89be-bffa-4393-b6f6-8d05bea49051,"data extraction, transformation and loading tools","The tools for integration of information from multiple applications, created and maintained by organisations, into one consistent and transparent data structure."
http://data.europa.eu/esco/skill/9d1b08b3-ba1e-41f6-a466-1ac1e62eb5f0,conduct ICT code review,Examine and review systematically computer source code to identify errors in any stage of development and to improve the overall software quality.
http://data.europa.eu/esco/skill/9d2e926f-53d9-41f5-98f3-19dfaa687f3f,tools for software configuration management,"The software programs to perform configuration identification, control, status accounting and audit, such as CVS, ClearCase, Subversion, GIT and TortoiseSVN perform this management."
http://data.europa.eu/esco/skill/9d2f77af-4307-4ac5-bc50-a9980cec7e83,develop reporting software,Create reporting software and applications used for creating reports on data.
http://data.europa.eu/esco/skill/9d7050b4-684f-4db3-9b25-05616a88d6fc,develop technical glossaries,Organise technical terms used e.g. in scientific and legal settings into terminology databases and glossaries to aid future translations.
http://data.europa.eu/esco/skill/9da7bfb1-9e1a-46de-8374-dac1a7cfa86c,develop security concepts,"Develop prevention, security, and surveillance practices and concepts to fight against fraud and to enhance public security, crime prevention, and investigation."
http://data.europa.eu/esco/skill/9e136617-1cd1-4f71-af3e-9deda4c75bea,evaluate forensic data,"Evaluate the data gathered during the forensic investigation of a crime scene or other scene where such investigation is necessary, in order to assess its usability for the ensuing investigation."
http://data.europa.eu/esco/skill/9e14c1d8-72f2-45ba-815d-0d12e12d19fa,create thematic maps,"Use various techniques such as choropleth mapping and dasymetric mapping to create thematic maps based on geospatial information, using software programmes."
http://data.europa.eu/esco/skill/9e4dc918-cc74-432e-9b39-53b1b606748a,advise on archaeological sites,Consult geological maps and data and analyse aerial photographs; provide advice on site selection and archaeological issues.
http://data.europa.eu/esco/skill/9ef0f3a0-9ce2-4ef1-a987-0366b5cb2dbe,database development tools,"The methodologies and tools used for creating logical and physical structure of databases, such as logical data structures, diagrams, modelling methodologies and entity-relationships."
http://data.europa.eu/esco/skill/9effa3d7-c0c4-4583-ad94-b496ba5e5f2c,data mining methods,Data mining techniques used to determine and analyse the relationship between different elements of economy and marketing.
http://data.europa.eu/esco/skill/9f34107c-8db0-4b00-84d8-3f64e400c80c,consult technical resources,"Read and interpret technical resources such as digital or paper drawings and adjustment data in order to properly set up a machine or working tool, or to assemble mechanical equipment."
http://data.europa.eu/esco/skill/9f817e84-da26-4e80-a3ea-0019045614ee,publicity code,"The legislation and rules of publicity when presenting a product in text, pictures or other symbols."
http://data.europa.eu/esco/skill/9faa44df-0821-4f69-8f86-184c799cf44f,HeroEngine,"The cloud-based real-time collaborative platform that consists of integrated development environments and specialised design tools, designed for the rapid iteration of user-derived computer games."
http://data.europa.eu/esco/skill/9fb9f552-917f-4d26-acfb-bbe6d1005b90,interpret laboratory data in medical genetics,"Undertake diagnostic studies and biochemical genetic, cytogenetic, and molecular genetic analyses, interpreting the obtained laboratory data."
http://data.europa.eu/esco/skill/9ff9db9d-d14b-426e-83f3-e7449af6c79f,manage data,"Administer all types of data resources through their lifecycle by performing data profiling, parsing, standardisation, identity resolution, cleansing, enhancement and auditing. Ensure the data is fit for purpose, using specialised ICT tools to fulfil the data quality criteria."
http://data.europa.eu/esco/skill/a01cf14b-f912-4b5b-a1a4-b4a2182d6f21,network within the writing industry,"Network with fellow writers and others involved in the writing industry, such as publishers, bookshop owners and organisers of literary events."
http://data.europa.eu/esco/skill/a056851d-4a8b-4007-b0f6-8224ca1ec1c2,computational linguistics,The computer science field that researches the modelling of natural languages into computational and programming languages.
http://data.europa.eu/esco/skill/a06907da-7037-45ef-846c-4b684c9b6f91,study human population,"Analyse data about the human population in a specific geographic area in order to uncover trends such as mortality rate, migration, and fertility rates."
http://data.europa.eu/esco/skill/a0b6f2b8-0f41-420d-9d7b-942026f83b50,aquaculture production planning software,The functioning principles and usage of a software dedicated to the planning of aquculture production.
http://data.europa.eu/esco/skill/a0bf9b9d-e53f-418c-a839-5d99eff718fe,conduct search engine optimisation,"Execute optimal marketing research and strategies on search engine processes, also known as search engine marketing (SEM), in order to increase online traffic and website exposure."
http://data.europa.eu/esco/skill/a1388163-462a-4b76-8649-67470ea858a1,search databases,Search for information or people using databases.
http://data.europa.eu/esco/skill/a1bf1d89-2b24-4f5e-91b4-6164a758d87e,perform musical improvisations in therapy,"Improvise music as a reaction to what the patient is communicating, in order to enhance the individual nature of the relationship between therapist and patient. Improvise instrumentally, vocally, or physically to meet client's therapeutic needs."
http://data.europa.eu/esco/skill/a1c72d66-3671-4a8e-840d-e8b28e237b6f,pharmaceutical industry,"The main stakeholders, companies and procedures in the pharmaceutical industry and the laws and regulations that govern the patenting, testing, safety and marketing of drugs."
http://data.europa.eu/esco/skill/a1ce519d-6aeb-4f54-955a-beef7f08f5f0,supervise physiotherapist assistants,Supervise and provide learning opportunities for physiotherapist assistants.
http://data.europa.eu/esco/skill/a1eef0f4-133f-464a-a8f1-68fe3e8cc1b4,healthcare analytics,"The use of qualitative and quantitative methods to analyse patterns in healthcare data to the aim of improving healthcare administration, quality in patient care and diseases diagnosis."
http://data.europa.eu/esco/skill/a2243e61-9527-495d-9524-fe8ab8d8c7c7,wicker weaving techniques,"Techniques to weave materials with various degrees of flexibility and thickness, and producing different patterns such as the hole-to-hole chair caning, the press cane webbing or the natural hand-twisted bulrush."
http://data.europa.eu/esco/skill/a261c61a-29b8-4b6a-a283-e5a7d5077352,biostatistics,The methods used to apply statistics in biology-related topics.
http://data.europa.eu/esco/skill/a283db93-b160-4b6f-9855-4e79806c4674,Project Anarchy,"The mobile game engine which is a software framework that consists of integrated development environments and specialised design tools, designed for the rapid iteration of user-derived computer games."
http://data.europa.eu/esco/skill/a2842c30-be76-4327-9dce-ff56cf830533,perform scrambling operations,"Control and monitor the air force radio network and perform scrambling operations or intrusions, which mean to disrupt the functioning of adverse emissions. Scrambling is mostly performed on voice communication and signals by the use of Digital Signal Processors (DSP)."
http://data.europa.eu/esco/skill/a2b5dcf3-5b6a-453d-876c-cff540c0faf1,CAD software,"The computer-aided design (CAD) software for creating, modifying, analysing or optimising a design."
http://data.europa.eu/esco/skill/a3aff665-ab4a-4a9a-9eba-0cd60cba6517,conduct physiotherapy assessment,"Undertake physiotherapy assessment, incorporating data collected from subjective, physical examinations and information derived from other relevant sources, maintaining clients` safety, comfort and dignity during assessment."
http://data.europa.eu/esco/skill/a3e7ebba-5183-4df8-9203-35b9b9b8f4fa,collect customer data,"Collect customer data such as contact information, credit card or billing information; gather information to track down purchase history."
http://data.europa.eu/esco/skill/a4346013-a967-4a58-a533-6b32ad1364c5,data protection,"The principles, ethical issues, regulations and protocols of data protection."
http://data.europa.eu/esco/skill/a46c1df8-9885-4036-98d8-b225a8d13c19,sell telecommunication products,"Sell telecommunication equipment and services such as cell phones, desktop computers and laptops, cabling, and internet access and security."
http://data.europa.eu/esco/skill/a47d194d-0ffd-4aaa-b695-fbbe0255000e,design information system,"Define the architecture, composition, components, modules, interfaces and data for integrated information systems (hardware, software and network), based on system requirements and specifications."
http://data.europa.eu/esco/skill/a4881e54-6055-4e61-855a-0a56ced7cfa3,web strategy assessment,Techniques for conducting a deep analysis of a company's web presence.
http://data.europa.eu/esco/skill/a4c2aa71-086f-4a46-b481-2619673c9dfe,execute ICT user research activities,"Perform research tasks such as recruitment of participants, scheduling of tasks, collecting of empirical data, data analysis and production of materials in order to assess the interaction of users with an ICT system, program or application."
http://data.europa.eu/esco/skill/a4d336a6-9ffd-402a-91cc-f359716ba4e0,ML (computer programming),"The techniques and principles of software development, such as analysis, algorithms, coding, testing and compiling of programming paradigms in ML."
http://data.europa.eu/esco/skill/a4e31589-3632-4926-91d0-15b889c90b9b,IBM WebSphere,The application server IBM WebSphere provides flexible and secure Java EE runtime environments to support application infrastructure and deployments.
http://data.europa.eu/esco/skill/a4ec696c-ac73-4bd5-8a3c-09a783cf3944,use mine planning software,"Use specialised software to plan, design and model for mining operations."
http://data.europa.eu/esco/skill/a4fd17bf-6309-47c5-b7fa-ae5560673acf,identify security threats,"Identify security threats during investigations, inspections, or patrols, and perform the necessary actions to minimise or neutralise the threat."
http://data.europa.eu/esco/skill/a50c6a0a-5171-4be6-aa2b-50fe4d025d45,create 3D CAD footwear prototypes,"Be able to read and understand visual elements and technical design specifications from hand-made or computer-made sketches, pictures and drawings. Digitise or scan the lasts. Create the design upon the shape of the lasts according to dimensional requirements of the customer. Perform 3D footwear modelling by using various functionalities of the CAD software such as producing, manipulating and testing virtual images for computer aided 3D artistic and technical design of footwear. Produce alternative designs and develop virtual models and collection lines. Make presentation boards and catalogues."
http://data.europa.eu/esco/skill/a5515186-a519-4a9f-8876-9aaacf06e0a9,develop vaccines,Create remedies that provide immunity against particular diseases by doing research and laboratory testing.
http://data.europa.eu/esco/skill/a56dec32-05ef-45de-a256-ee6741f356db,information confidentiality,"The mechanisms and regulations which allow for selective access control and guarantee that only authorised parties (people, processes, systems and devices) have access to data, the way to comply with confidential information and the risks of non-compliance."
http://data.europa.eu/esco/skill/a571ae14-3e16-4fd3-a615-5646e0b0b696,inspect data,"Analyse, transform and model data in order to discover useful information and to support decision-making."
http://data.europa.eu/esco/skill/a57a54b6-2f2e-43e4-9621-b52f4a63cb08,LDAP,The computer language LDAP is a query language for retrieval of information from a database and of documents containing the needed information.
http://data.europa.eu/esco/skill/a59708e3-e654-4e37-8b8a-741c3b756eee,multimedia systems,"The methods, procedures and techniques pertaining to the operation of multimedia systems, usually a combination of software and hardware, presenting various types of media such as video and audio."
http://data.europa.eu/esco/skill/a5a146a4-a2e5-4d47-a982-192c42f5d449,comply with agricultural code of practice,Adhere to a decree which talks about a series of rules and practices in business transactions between horticultural growers and sellers.
http://data.europa.eu/esco/skill/a5c20674-0471-45fa-8055-8d1d81aed0c4,collaborate with stakeholders in leading community arts,"Collaborate with a chosen team, gathering artists from other disciplines, art mediation coordinator, and/or health workers, physiotherapists and learning support workers, etc. in order to maximise the community arts program’s impact. Be clear about your collective roles, and evaluate their performance as a whole combining reflexive and reflective in your practice."
http://data.europa.eu/esco/skill/a6532ae5-efc4-4ca4-b172-c11471940d09,electronic business,"Any business process that is implemented through a computer-mediated network. Mainly, it concerns the use of the Web, Internet, intranets to conduct businesses. It deals with, among others, business processes such as customer relation management, and supply chain management."
http://data.europa.eu/esco/skill/a71577b2-7550-4222-88ee-dcbd2d881516,graphics editor software,"The field of graphical ICT tools which enable digital editing and composition of graphics, such as GIMP, Adobe Photoshop and Adobe Illustrator, to develop both 2D raster or 2D vector graphics."
http://data.europa.eu/esco/skill/a7242a8d-3762-42b7-b430-3369351bbd7d,colour grade images with digital intermediate,Use a scanning device to scan film negatives in order to digitally fine-tune them using image editing software.
http://data.europa.eu/esco/skill/a7445303-2d79-4dd6-b3a3-f46bd3e2de0d,provide home pet sitting services,Provide pet sitting services in the home or property of the animal's owner. Account for the security and integrity of the premises and follow specific owner requirements for the care of the animal in the provision of the service.
http://data.europa.eu/esco/skill/a744db65-78a7-4b3c-8267-0ffe05715901,coordinate rail services,"Effectively manage a team within a variety of rail services such as rail information and communication systems, station and train accessibility, hygiene and cleanliness, safety, security, disruption and incident investigation, to permanently ensure high levels of customer satisfaction."
http://data.europa.eu/esco/skill/a762f4cd-b6bb-419b-834a-71f3ed367e5c,manage ethical issues within social services,"Apply social work ethical principles to guide practice and manage complex ethical issues, dilemmas and conflicts in accordance to occupational conduct, the ontology and the code of ethics of the social services occupations, engaging in ethical decision making by applying standards of national and, as applicable, international codes of ethics or statements of principles."
http://data.europa.eu/esco/skill/a7723f06-53c3-4228-9fd0-1952ea1d7391,Havok Vision,"The game engine that consists of integrated development environments and specialised design tools, designed for the rapid iteration of user-derived computer games."
http://data.europa.eu/esco/skill/a7876190-30fc-4eba-a462-018e5f95196d,use warp knitting technologies,"Use warp knitting machine technologies that enable the formation of fabrics. Able to set machines for warp knitting, colour and pattern for monitoring and controlling the warp knitting process on electronic automatic warp knitting machines equipped with multifunction microprocessor and software."
http://data.europa.eu/esco/skill/a7a14be2-78b5-4b4a-ba77-2658285e2756,apply reverse engineering,"Use techniques to extract information or disassemble an ICT component, software or system in order to analyse, correct and reassemble or reproduce it."
http://data.europa.eu/esco/skill/a7f0fbe0-c546-4f30-8e41-34a58c64567e,data storage,"The physical and technical concepts of how digital data storage is organised in specific schemes both locally, such as hard-drives and random-access memories (RAM) and remotely, via network, internet or cloud."
http://data.europa.eu/esco/skill/a80fb090-63f4-4b05-83a5-2f090deb7757,manage data collection systems,"Develop and manage methods and strategies used to maximise data quality and statistical efficiency in the collection of data, in order to ensure the gathered data are optimised for further processing."
http://data.europa.eu/esco/skill/a86de57d-a754-474d-aa9d-989efc3d6e59,manufacture of wooden barrels,"The processes involved in the production of wooden barrels such as material selection, shaping, toasting, fitting, planing and sanding."
http://data.europa.eu/esco/skill/a87c1c42-8927-4183-97c7-a17554c22b29,Litmos,"The computer program Litmos is a e-learning platform for creating, administrating, arranging, reporting and delivering e-learning education courses or training programs. It is developed by the software company CallidusCloud."
http://data.europa.eu/esco/skill/a89a94fb-c417-49b4-a9a9-9a22e0f12697,manage data for legal matters,"Collect, organise and prepare data for analysis and review during investigation, regulatory filings and other legal processes."
http://data.europa.eu/esco/skill/a8d07b5a-c1a1-42c6-9d53-db9c7a2ca996,PostgreSQL,"The computer program PostgreSQL is a free and open-source software tool for creating, updating and managing databases, developed by the PostgreSQL Global Development Group."
http://data.europa.eu/esco/skill/a8e1a26a-ef61-400e-b8c8-66f6fe4433ce,monitor field surveys,Monitor the progress and determine corrective actions such as adjusting the distribution of investigators according to the progress of the investigation. Transmit field survey data to the accounting or billing department.
http://data.europa.eu/esco/skill/a8f2a095-9d03-43f0-980d-2b9fcc59a994,shape corporate culture,"Observe and define the elements in the corporate culture of a company in order to reinforce, integrate and shape further the codes, values, beliefs and behaviours aligned with the company's aims."
http://data.europa.eu/esco/skill/a8f6b666-4a82-4d72-a9a2-f97cf3d76134,heat up vacuum forming medium,"Switch on the medium heater to heat the vacuum forming medium to the right temperator before using the vacuum to press it onto the mould. Make sure the medium is at a high enough temperature to be malleable, but not so high as to introduce wrinkles or webbing in the final product."
http://data.europa.eu/esco/skill/a91732ce-988e-4105-9570-f425c6ffdc82,intellectual property regime of digital content,"Copyright and licencing provisions that apply to data, information and digital content."
http://data.europa.eu/esco/skill/a917fd91-866d-4ecf-a70e-894b755f9baf,develop mechatronic test procedures,"Develop testing protocols to enable a variety of analyses of mechatronic systems, products, and components."
http://data.europa.eu/esco/skill/a91e2a50-7822-4a83-b306-d06c1a2d4b65,ensure hotel security,Guarantee the security of guests and the premises by monitoring the different hotel zones.
http://data.europa.eu/esco/skill/a94ef591-d0c5-4097-98ff-6a7f50ea72e8,monitor extraction logging operations,Monitor logging operations and oversee formation testing and sampling operations. Analyse and interpret results.
http://data.europa.eu/esco/skill/a9622bbb-3a6f-4819-a3fe-cd6a447a78e9,Sakai,"The computer program Sakai is a e-learning platform for creating, administrating, arranging, reporting and delivering e-learning education courses or training programs. It is developed by the software company Apereo."
http://data.europa.eu/esco/skill/a9c1a772-8ef6-4dd7-93a4-c6bbf3293688,code of Conduct for Responsible Fisheries,Food and Agriculture Organisation of the United Nations (FAO) Code of Conduct for Responsible Fisheries and the guidelines established for professional fishers.
http://data.europa.eu/esco/skill/a9dc215e-4e26-4ac0-b1e8-a721a88af813,execute conversion testing,"Plan, execute and measure conversion tests and experiments to test the possibility to convert one data format into another."
http://data.europa.eu/esco/skill/a9e0fece-3433-4aae-b204-dd0710142736,perform dosimetry measurements,Measure and calculate doses received by patients and other persons subjected to nonmedical imaging procedures using medical radiological equipment. Select and maintain dosimetry related instrumentation. Measure dose related quantities and input data in dose reporting and estimating devices.
http://data.europa.eu/esco/skill/aaa638f1-1027-47e6-a2fb-c4389f8dd27d,develop microelectromechanical system test procedures,"Develop testing protocols, such as parametric tests and burn-in tests, to enable a variety of analyses of microelectromechanical (MEM) systems, products, and components before, during, and after the building of the microsystem."
http://data.europa.eu/esco/skill/aab001d9-6d45-4f06-9976-9c1e0c253e3f,monitor broadcast programming,Monitor whether programming schedules are met and ensure that the quality of the programs is adequate. It includes reading the programming schedule in order to know which programs need to be recorded and aired.
http://data.europa.eu/esco/skill/aafbfaa4-5f93-457e-8cb8-d4ed855277f8,analyse experimental laboratory data,Analyse experimental data and interpret results to write reports and summaries of findings.
http://data.europa.eu/esco/skill/ab0bc977-8b71-48f7-bfcc-a8f92ec03e34,research family histories,"Determine history of a family and its family tree by researching into existing genealogical databases, conducting interviews and performing qualitative research into reliable sources."
http://data.europa.eu/esco/skill/ab1e97ed-2319-4293-a8b7-072d2648822f,database management systems,"The tools for creating, updating and managing databases, such as Oracle, MySQL and Microsoft SQL Server."
http://data.europa.eu/esco/skill/ab20726a-14dd-4536-9aa1-6166bc1a5832,evaluate cost of software products,"Apply methods and techniques to estimate and evaluate the cost of software products during their life-cycle phases, including development and acquisition costs, cost of maintenance, incorporated cost of quality-compliance and non-compliance associated costs."
http://data.europa.eu/esco/skill/ab2e56f3-24f0-413b-a67b-291a67fc2d1f,test chemical samples,"Perform the testing procedures on the already prepared chemical samples, by using the necessary equipment and materials. Chemical sample testing involves operations such as pipetting or diluting schemes."
http://data.europa.eu/esco/skill/ab67fbfb-0ca7-4345-8bf6-af8f59480212,design database backup specifications,Specify procedures to be performed on databases which ensure the copying and archiving of data for possible restoration in case of a data loss event.
http://data.europa.eu/esco/skill/abcfd4de-3b3d-48ed-a002-36071bad8d46,manage chemical testing procedures,Manage the procedures to be used in chemical testing by designing them and conducting tests accordingly.
http://data.europa.eu/esco/skill/ac42ad10-4399-4730-a097-04dfb605aace,optical manufacturing process,"The process and different stages of manufacturing an optical product, from design and prototyping to the preparation of optical components and lenses, the assembly of optical equipment, and the intermediate and final testing of the optical products and its components."
http://data.europa.eu/esco/skill/acf0a78c-f4e3-4bd9-a5cc-9cf4791b3b95,implement a virtual private network,"Create an encrypted connection between private networks, such as different local networks of a company, over the internet to ensure that only authorized users can access it and that the data cannot be intercepted."
http://data.europa.eu/esco/skill/ad59afe4-6f8a-4bc4-acfd-0f228277508a,statistical analysis system software,"Specific software system (SAS) used for advanced analytics, business intelligence, data management, and predictive analytics."
http://data.europa.eu/esco/skill/adbdd0f3-f1eb-48f0-8b22-caac4038221a,assess nicotine levels in tobacco leaves,"Assess levels of nicotine in tobacco leaves by referring to the curing and fermentation methods of the tobacco, by using different tools and equipment for testing, and by relying on his/her experience in sensorial testing."
http://data.europa.eu/esco/skill/adcca622-b933-4ba3-bc43-bf371879edc3,data security principles,"The principles of information and data security. They include, among others, confidentiality, integrity, and availability."
http://data.europa.eu/esco/skill/ae57a9c3-f761-4b03-be2b-99a781704c73,use sales forecasting softwares,Operate sale forecasting softwares in order to help in determining demand levels for products with higher levels of accuracy.
http://data.europa.eu/esco/skill/ae699de1-0746-4fe2-86f0-17770db7790d,perform security checks,Monitor and check individuals' bags or personal items in order to make sure the individuals present no threats and that their behaviour is legally compliant.
http://data.europa.eu/esco/skill/ae6af2c6-890d-40a7-9849-326a8c21df76,coordinate advertising campaigns,"Organise course of action to promote a product or service; oversee the production of TV advertisements, newspaper and magazine ads, suggest mail packs, email campaigns, websites, stands and other advertising channels."
http://data.europa.eu/esco/skill/aee24c19-7dfd-4011-ae95-7a2fe2f7e369,maintain radio communications equipment,"Perform testing or repairing activities on radio transmitting and receiving equipment, such as testing control circuits."
http://data.europa.eu/esco/skill/af1d906a-c13d-4de1-a362-6980e6dc9937,design chassis,"Devise and manufacture a series of custom chassis using design software. Apply compliance with own plans, creations and blueprints."
http://data.europa.eu/esco/skill/af313ba1-a39e-49ac-99ec-94630fbe4f7f,develop code exploits,Create and test software exploits in a controlled environment to uncover and check system bugs or vulnerabilities.
http://data.europa.eu/esco/skill/af582ee4-bbc8-436c-96f2-df0cb2049f5d,products coding system,Packaging codes and markings required to implement proper handling procedures for goods.
http://data.europa.eu/esco/skill/af7a7ae3-b803-4448-b0b0-a5a5af26e5a1,decide on type of genetic testing,"Find the appropriate tests for a particular patient, considering tests on molecular genetics, cytogenetics, and specialised biochemistry."
http://data.europa.eu/esco/skill/af7ae54f-4649-4c16-87c7-59ba41d4d57f,SPARK,The Java micro framework software development environment which provide specific features and components that support and guide web applications development.
http://data.europa.eu/esco/skill/afa14e38-5973-4cce-a077-f796c1ced2cc,blockchain,"A decentralised, public and distributed digital ledger that is employed to record transactions between many computers. It guarantees that the records cannot be modified retroactively without the consensus of the entire network namely all of the subsequent blocks in the chain."
http://data.europa.eu/esco/skill/afd63e8c-a4e7-42d3-86c9-3b2dd549a353,Parrot Security OS,"The operating system Parrot Security is a Linux distribution which performs penetration cloud testing, analysing security weaknesses for potentially unauthorised access."
http://data.europa.eu/esco/skill/b028aef0-6227-40a8-a35c-9ded6ceeead8,massage types,"Techniques used and types of massage therapies such as shiatsu, deep tissue massage, Swedish, hot stone and Thai massage."
http://data.europa.eu/esco/skill/b04c4965-4fd7-4dfa-a8d4-0cec5c5f5d0c,Unreal Engine,"The game engine Unreal Engine which is a software framework that consists of integrated development environments and specialised design tools, designed for the rapid iteration of user-derived computer games."
http://data.europa.eu/esco/skill/b0565bd9-29c8-42f6-b174-702970fc2f4f,produce sales reports,"Maintain records of calls made and products sold over a given time frame, including data regarding sales volumes, number of new accounts contacted and the costs involved."
http://data.europa.eu/esco/skill/b080a008-a35d-4bd0-92e9-edf3773bb2b7,use communication and collaboration software,"Use simple digital tools and technologies for communicating, interacting and collaborating with others."
http://data.europa.eu/esco/skill/b0a3bb25-a02f-43ed-ab1f-994fa66a424a,online analytical processing,"The online tools which analyse, aggregate and present multi-dimensional data enabling users to interactively and selectively extract and view data from specific points of view."
http://data.europa.eu/esco/skill/b105ec9b-0857-41d6-8d07-a83e58b73d90,ICT system programming,"The methods and tools required to develop system software, specifications of system architectures and interfacing techniques between network and system modules and components."
http://data.europa.eu/esco/skill/b1604a2d-c26a-427d-bda9-b8073a319fe9,adjust ICT system capacity,"Change the scope of an ICT system by adding or reallocating additional ICT system components, such as network components, servers or storage to meet capacity or volume demands."
http://data.europa.eu/esco/skill/b16200f4-4f39-4b8b-aa9d-3568054d6bdb,Open source model,"The open source model consists of principles and fundamentals of service-oriented modelling for business and software systems that allow the design and specification of service-oriented business systems within a variety of architectural styles, such as enterprise architecture."
http://data.europa.eu/esco/skill/b16bcbcb-1d3f-42b3-a6a5-b91348a72b70,WildFly,The open-source application server JBoss is a Linux based platform which supports Java applications and large websites.
http://data.europa.eu/esco/skill/b1d7660b-0f5e-4ff6-819e-2b64e35bb7a7,perform on-farm product processing,"Transform the primary farm product by tools and/or machinery into elaborated food products, respecting the quality objectives, hygiene and security legislation or rules."
http://data.europa.eu/esco/skill/b1dfada9-183f-4f54-a0d4-a365adfc8412,security in commercial buildings,"Security procedures, characteristics, tasks and risks in commercial areas and institutions such as banks, malls, tourist spots, hotels and restaurants."
http://data.europa.eu/esco/skill/b21e2984-c6b2-4352-bbe8-8f3b03bd50f6,medical informatics,The processes and tools used for the analysis and dissemination of medical data through computerized systems.
http://data.europa.eu/esco/skill/b22828a8-18e7-4639-8fbd-f2b33594382d,collect statistics on medical records,"Perform statistical analysis of various medical records of the healthcare facility, referring to the number of hospital admissions, discharges or waiting lists."
http://data.europa.eu/esco/skill/b29e0c5c-7d3a-44a8-a182-75374abd4e76,analyse weather forecast,"Analyse weather forecasts and the information provided on meteorological conditions, such as wind forces, atmospheric structures, clouds, and visibility. Constantly monitor weather conditions to maintain the validity of the forecast. Provide analyses depending on the requirements of various different industries and service providers. Evaluate routine air observations."
http://data.europa.eu/esco/skill/b30b6e13-6688-4035-b99b-fb3a1def0833,archive scientific documentation,"Store documents such as protocols, analysis results and scientific data using archiving systems to enable scientists and engineers to take methods and results from previous studies into account for their research."
http://data.europa.eu/esco/skill/b34e2ba1-9080-48c9-9b42-ee9192a4d3f1,use CAD software,"Use computer-aided design (CAD) systems to assist in the creation, modification, analysis, or optimisation of a design."
http://data.europa.eu/esco/skill/b3e01dee-51c2-4aa0-84e2-28ec067713d5,clean ventilation system,"Clean combustion and ventilation systems and related equipment. Eliminate combustion residues and deposits by knocking, scraping, and burning."
http://data.europa.eu/esco/skill/b3fc5018-ff7b-46fd-be18-dd4148e9b241,advise customers on type of computer equipment,Provide customers with professional advice on computers and software.
http://data.europa.eu/esco/skill/b478d218-21df-447f-9eba-6fb11f94b071,maintain telephony system,"Prevent telephone faults. Report to the electricians for changing of the equipment and manage telephone installations and moves. Maintain voice-mail system which includes adding, deleting mailboxes and managing security codes and provide voicemail instruction for staff."
http://data.europa.eu/esco/skill/b4a2b029-bf54-4ea2-9750-65c8ad79beeb,finish shells,Gauge finished shells by using acceptance jigs. Use a stamping press to record the shell data on the cartridge as well as on the projectile. Finalize the tubes by dipping them in molted parrafin and packing the tubes in crates.
http://data.europa.eu/esco/skill/b4d13ce4-30b6-42b4-8f58-2846a8e641c2,apply veterinary epidemiology,"Analyse animal and zoonotic disease morbidity and mortality in a given population and relate findings to the norm. This includes collection and analysis of data and information for use in individual animals, groups or more widely as part of a network of disease surveillance. Implement intervention and control measures."
http://data.europa.eu/esco/skill/b4dc6e4f-dc7d-445f-8ce2-d7b9d225e282,AJAX,"The techniques and principles of software development, such as analysis, algorithms, coding, testing and compiling of programming paradigms in AJAX."
http://data.europa.eu/esco/skill/b5a1fc87-c9f2-41f4-a1ae-28e023715592,perform sample testing,Examine and perform tests on prepared samples; avoid any possibility of accidental or deliberate contamination during the testing phase. Operate sampling equipment in line with design parameters.
http://data.europa.eu/esco/skill/b5c7e0dc-dda3-4790-a7d1-d6d8023b3089,database quality standards,"Techniques and methods of estimation and evaluation of system quality and overall database quality, as well as the set quality standards and regulations."
http://data.europa.eu/esco/skill/b633eb55-8f1f-4ae6-ab4c-2022ffe2cb7f,C++,"The techniques and principles of software development, such as analysis, algorithms, coding, testing and compiling of programming paradigms in C++."
http://data.europa.eu/esco/skill/b64b9863-5ed3-49c7-8fd3-5324fabeda5d,interpret geophysical data,"Interpret data of a geophysical nature: Earth's shape, its gravitational and magnetic fields, its structure and composition, and geophysical dynamics and their surface expression in plate tectonics."
http://data.europa.eu/esco/skill/b64c2abe-acd4-45e5-b107-853e35b33fe4,restore old guns,"Bring back old or dilapidated guns to their original condition by repairing or replacing defect components, cleaning and oiling parts and conserving them in that state."
http://data.europa.eu/esco/skill/b74fd765-e1ae-4f56-a188-45cd782bca01,assess reliability of data,Implement procedures and techniques that could help determine the level of reliability of the information in the sense of reducing risks and increasing infallibility in the decision making.
http://data.europa.eu/esco/skill/b769f524-0f25-44d7-8538-5c46710a040e,manage digital documents,"Manage various data formats and files by naming, publishing, transforming and sharing files and documents and transforming file formats."
http://data.europa.eu/esco/skill/b7a03115-41c9-4167-a0b6-7e40cf0fd607,manage product testing,Oversee the testing procedures to ensure that the end-product complies with the quality and safety requirements.
http://data.europa.eu/esco/skill/b803b5ef-5a5c-414d-83c9-c807beb293a2,test edge crush,"Use the Mullen Test or Edge Crush Test to determine the stacking or crushing of a piece of corrugated board, testing the force or weight needed to crush the containerboard standing on an edge."
http://data.europa.eu/esco/skill/b820c9de-4d00-4e79-9af9-33f26044ff42,teach computer science,"Instruct students in the theory and practice of computer science, more specifically in the development of software systems, programming languages, artificial intelligence, and software security."
http://data.europa.eu/esco/skill/b8316819-feca-403d-902f-a86562fd91e9,analyse transport business networks,Analyse various transport business networks in order to organise the most efficient setting of modes of transport. Analyse those networks that aim to achieve lowest costs and maximum efficiency.
http://data.europa.eu/esco/skill/b895feef-e869-48ac-a853-6c31a636721f,understand spoken Javanese,Comprehend orally expressed Javanese.
http://data.europa.eu/esco/skill/b8990fac-b9d6-4c9a-980c-fd6753757106,dentistry science,"The sciences on which dentistry is based and an understanding of scientific methods, such as the principles of measuring biological functions, the evaluation of scientifically established facts and the analysis of data."
http://data.europa.eu/esco/skill/b8c01891-e3df-4a4b-948d-95b45e1788f5,mobile device software frameworks,"The API (Application Program Interfaces), such as Android, iOS, windows phone which enables programmers to quickly and easily write applications for mobile devices."
http://data.europa.eu/esco/skill/b8eb2517-37d8-43e6-9856-9c29d5c51fde,Filemaker (database management systems),"The computer program FileMaker is a tool for creating, updating and managing databases, developed by the software company FileMaker Inc."
http://data.europa.eu/esco/skill/b94bc156-74ba-4ad0-88fa-4d4be07218f2,preserve milk samples,"Preserve milk samples for butterfat testing using preserving chemicals and heating an cooling techniques. If the laboratory cannot start work on a sample immediately after sampling, the sample must be cooled to near freezing point quickly and be kept cool till the work can start."
http://data.europa.eu/esco/skill/b99c9b86-b16f-4592-8505-de3d9c99e25b,digital arts,"The production of art through digital tools, software, computers or other electronic devices. It involves the use of various mediums for artistic expression such as digital photography or computer graphics as well as pixel art."
http://data.europa.eu/esco/skill/b9a57803-7f3d-42a7-a652-03c96de1d42f,model optical systems,"Model and simulate optical systems, products, and components using technical design software. Assess the viability of the product and examine the physical parameters to ensure a successful production process."
http://data.europa.eu/esco/skill/b9aad733-959a-4178-984f-53e4bd05b420,maintain internet protocol configuration,Apply Internet Protocol Configuration (ipconfig) to gather data on Transmission Control Protocol/Internet Protocol (TCP/IP) configuration values in order to identify devices and their IP addresses.
http://data.europa.eu/esco/skill/ba04b19b-0b18-4d5c-b799-4db31a98e58d,BlackBerry,"The system software BlackBerry consists of features, restrictions, architectures and other characteristics of operating systems designed to run on mobile devices."
http://data.europa.eu/esco/skill/ba1b0441-a6b8-4e57-8ccc-871012f63e42,trading software,The finance and trading integrated software solutions.
http://data.europa.eu/esco/skill/ba9260ba-1c8d-495e-94f1-f7cab7e73cea,social security law,"Legislation concerning the protection of individuals and the provision of aid and benefits, such as health insurance benefits, unemployment benefits, welfare programs and other government-provided social security."
http://data.europa.eu/esco/skill/ba93b71b-c433-4a01-8246-ed2daa85a9a2,conduct web searches,"Search data, information and content through simple searches in digital environments."
http://data.europa.eu/esco/skill/bad614fb-fc66-4401-b75b-3d366013a493,write security reports,"Compile data on inspections, patrols and security incidents into a report for management purposes."
http://data.europa.eu/esco/skill/bad66a63-4e3f-41f9-9e5d-a4d5f12f8d36,create GIS reports,"Use relevant geographic informations systems to create reports and maps based on geospatial information, using GIS software programmes."
http://data.europa.eu/esco/skill/badfeca0-e839-44e0-9f76-dc78785b7f97,install refrigeration equipment,"Install refrigeration, air condition or heat pump equipment, connect components and piping, attach equipment to the electrical network and secondary sources of heat transfer if required."
http://data.europa.eu/esco/skill/baf1fadb-975a-42be-9744-d8ba02304d09,Samurai Web Testing Framework,The linux environment Samurai Web Testing Framework is a specialised penetration testing tool which tests security weaknesses of websites for potentially unauthorised access.
http://data.europa.eu/esco/skill/baf501a8-f0fe-4ad7-9b69-8e920fa1a87b,test electronic units,Test electronic units using appropriate equipment. Gather and analyse data. Monitor and evaluate system performance and take action if needed.
http://data.europa.eu/esco/skill/bb165899-d95f-4433-95f2-173fefd716d2,develop statistical software,"Participate in the various development stages of computer programs for econometric and statistical analysis, such as research, new product development, prototyping, and maintenance."
http://data.europa.eu/esco/skill/bb2b4485-2bad-402f-8517-44bf7d9afff4,implement anti-virus software,"Download, install and update software to prevent, detect and remove malicious software, such as computer viruses."
http://data.europa.eu/esco/skill/bb54f559-df6f-44ed-81df-f6bf3d43f07d,develop defence policies,"Develop strategies for the development and implementation of defence policies, for national or international defence organisations and operations, to improve security and to better operate in dangerous situations and against threats."
http://data.europa.eu/esco/skill/bb562019-5222-45db-a16c-730edbb1d27c,define ICT network design policies,"Specify policies, principles, rules, processes and criteria for the design, planning and realisation of ICT networks."
http://data.europa.eu/esco/skill/bb979b3b-8292-409f-8c27-b17e13bab8bb,mix live images,Follow different video streams of a live event and mix them together using specialised equipment and software.
http://data.europa.eu/esco/skill/bb99af26-71ff-4dca-bde7-1eb1f6194426,SAP R3,"The techniques and principles of software development, such as analysis, algorithms, coding, testing and compiling of programming paradigms in SAP R3."
http://data.europa.eu/esco/skill/bbb653b1-677a-4dc2-9504-374cba290bf1,assess vessel capability,Assess vessel capability utilising different methods and drawing on information from the deck crew. Determine specific measurements and gather data for further calculations on the capability of vessels.
http://data.europa.eu/esco/skill/bbbd263e-affb-4ec8-84fb-3e5d9e62306b,model hardware,Model and simulate computer hardware using technical design software. Assess the viability of the product and examine the physical parameters to ensure a successful production process.
http://data.europa.eu/esco/skill/bbfb0e36-807c-492f-bed2-267224ba7bc7,conduct research on food waste prevention,"Research and evaluate methods, equipment and costs for reducing and managing food waste. Monitor recorded measurement data and identify areas for improvement relating to food waste prevention."
http://data.europa.eu/esco/skill/bc0b0b5d-f6be-405a-b224-b6902a4dbe97,manage digital identity,"Create and manage one or multiple digital identities, be able to protect one's own reputation, deal with the data that one produces through several digital tools, environments and services."
http://data.europa.eu/esco/skill/bc5a6591-a572-4340-b029-24124f6039ab,provide protective escort,"Protect the client when he is outside of his accommodation or workplace at an event or on the move, using strategies and meeting all necessary security measures in order to defend the client of possible threats such as assassination or abduction attempts."
http://data.europa.eu/esco/skill/bcbf5957-afc6-4f35-930f-15e7e0bda744,help the programmer define an artistic vision,"Help the programmer or director describe their artistic vision for the institution, programming season, venue, project, etc. Verbally help them to formulate their artistic intent and articulate it in writing."
http://data.europa.eu/esco/skill/bcc0db5f-c1e8-4f08-b68b-020396ef07b9,use audio reproduction software,"Operate software and equipment that transform and reproduce digital, analogue sounds and sound waves into the desired perceivable audio to be streamed."
http://data.europa.eu/esco/skill/bcdfc41b-1fca-43ee-b07b-2b574dae763d,classify library materials,"Classify, code and catalogue books, publications, audio-visual documents and other library materials based on subject matter or library classification standards."
http://data.europa.eu/esco/skill/bd14968e-e409-45af-b362-3495ed7b10e0,cloud technologies,"The technologies which enable access to hardware, software, data and services through remote servers and software networks irrespective of their location and architecture."
http://data.europa.eu/esco/skill/bd17a64e-a9bd-439d-9b87-01c6bb1b7e09,maintain records of work with service users,"Maintain accurate, concise, up-to-date and timely records of the work with service users while complying with legislation and policies related to privacy and security."
http://data.europa.eu/esco/skill/bdafc87b-c8a3-4e2a-914d-d3a96b2d98cc,follow industry codes of practice for aviation safety,"Follows industry codes of practice relating to aviation safety. Follow guidance material to adhere to the requirements of the International Civil Aviation Organization’s Standards (ICAO), other aviation safety requirements, and the identified best practices."
http://data.europa.eu/esco/skill/bdcac0c8-b77a-4640-9eaf-c0cf3efd1e23,process payments,"Accept payments such as cash, credit cards and debit cards. Handle reimbursement in case of returns or administer vouchers and marketing instruments such as bonus cards or membership cards. Pay attention to safety and the protection of personal data."
http://data.europa.eu/esco/skill/be0ff6d8-5e61-4021-9c89-e40cf0b75cc6,measure software usability,Check the convenience of the software product for the end user. Identify user problems and make adjustments to improve usability practice. Collect input data on how users evaluate software products.
http://data.europa.eu/esco/skill/be149bed-a789-48ee-832b-620ccf776af9,Frostbite (digital game creation systems),"The game engine Frostbite which is a software framework that consists of integrated development environments and specialised design tools, designed for the rapid iteration of user-derived computer games."
http://data.europa.eu/esco/skill/be20d05c-f6b4-4580-9fcf-f00f4baab562,make data-driven decisions,Collect data such as Key Performance Indicators (KPIs) for an organisation and use the information to formulate actions and strategies.
http://data.europa.eu/esco/skill/be64bb4c-84ac-4c83-8cc7-fc8593e15136,test system accessibility for users with special needs,Examine whether software interface complies with standards and regulations so that the system can be used by people with special needs.
http://data.europa.eu/esco/skill/be6eac29-bb46-492d-a511-2438fca420bd,horticultural design,"Design of horticultural areas taking into account factors, such as climate and microclimates, topography and orientation, site drainage and groundwater recharge, municipal and resource building codes, soils and irrigation, human and vehicular access and circulation, etc."
http://data.europa.eu/esco/skill/be727774-46d7-43d7-aee9-1a51b5cd8c71,carry out statistical forecasts,"Undertake a systematic statistical examination of data representing past observed behaviour of the system to be forecast, including observations of useful predictors outside the system."
http://data.europa.eu/esco/skill/be80acfc-b6f2-4411-9b8d-b19d9cd2556a,Swift (computer programming),"The techniques and principles of software development, such as analysis, algorithms, coding, testing and compiling of programming paradigms in Swift."
http://data.europa.eu/esco/skill/bec4359e-cb92-468f-a997-8fb28e32fba9,ICT project management methodologies,"The methodologies or models for planning, managing and overseeing of ICT resources in order to meet specific goals, such methodologies are Waterfall, Incremental, V-Model, Scrum or Agile and using project management ICT tools."
http://data.europa.eu/esco/skill/bee49a2e-a6e2-48ea-8a65-defca72505dd,monitor airspace planning,Process airspace data to monitor and improve airspace planning; improve flight efficiency and reduce operational costs.
http://data.europa.eu/esco/skill/bf056c12-eaba-4f00-b5a9-c4add7f841f3,landscaping materials,"Field of information which distinguishes certain required materials, such as wood and wood chips, cement, pebbles and soil for landscaping purposes."
http://data.europa.eu/esco/skill/bf0f48cc-6cc4-4f4d-809c-13c7cfefcce6,manage aircraft support systems,"Perform data capture, process and control to manage aircraft support systems."
http://data.europa.eu/esco/skill/bf298db2-b90e-4739-85ca-9c3003103fab,manage software localisation,"Organise the transference process of a certain software from one locale to another, in order to expand the number of users, by modifying content through the use of user interface translation, while taking into consideration the properties of the future country the software will be introduced into."
http://data.europa.eu/esco/skill/bf318ffc-0b68-4915-80be-8c8b500d344c,test safety strategies,"Test policies and strategies related to risk and safety management and procedures, such as testing evacuation plans, safety equipment, and carrying out drills."
http://data.europa.eu/esco/skill/bf3e70b4-b65e-4595-81d4-e3bb846f0672,security panels,"The internal logic of the security panel, where security sensors send their data for processing. The different components of the panel, such as the wire contact points, motherboard and transformer."
http://data.europa.eu/esco/skill/bf4d884f-c848-402a-b130-69c266b04164,apply basic programming skills,List simple instructions for a computing system to solve problems or perform tasks at a basic level and with appropriate guidance where needed.
http://data.europa.eu/esco/skill/bf5d77ad-e18c-48d8-83f0-bc79c011c74a,develop professional network,Reach out to and meet up with people in a professional context. Find common ground and use your contacts for mutual benefit. Keep track of the people in your personal professional network and stay up to date on their activities.
http://data.europa.eu/esco/skill/bf6c5ed4-84af-440f-abcc-7fa5ba19c738,real-time computing,The ICT hardware and software systems which are bound to respond to input within precisely tight constraints of time.
http://data.europa.eu/esco/skill/bf7ea00f-db77-4a95-9b9f-2d12b6d9fcb4,implement ICT network diagnostic tools,"Use software tools or components that monitor ICT network parameters, such as performance and throughput, provide data and statistics, diagnose errors, failures or bottlenecks and support decision making."
http://data.europa.eu/esco/skill/bf983f2a-e941-4646-811d-cc81060cb53f,build networks,"Demonstrate the ability to build effective relationships, to develop and maintain alliances, contacts or partnerships, and to exchange information with others."
http://data.europa.eu/esco/skill/c022ff1b-7783-4e64-89ef-0422c81ff51f,design microelectromechanical systems,"Design and develop microelectromechanical systems (MEMS), such as microsensing devices. Make a model and a simulation using technical design software to assess the viability of the product and examine the physical parameters to ensure a successful production process."
http://data.europa.eu/esco/skill/c0326e27-5fa8-4dca-aecb-ed89ab491513,prepare visual data,Prepare charts and graphs in order to present data in a visual manner.
http://data.europa.eu/esco/skill/c062bab3-3ea0-4291-9220-a2d8fef4bead,SQL Server,"The computer program SQL Server is a tool for creating, updating and managing databases, developed by the software company Microsoft."
http://data.europa.eu/esco/skill/c078fd94-f51a-4aea-8ab7-286a41309edb,wide web flexographic printing press,"Methods and restrictions of printing on flexographic printing presses, which use wide width of printing, can achieve high run speeds and utilise fast drying solvents."
http://data.europa.eu/esco/skill/c0e2f74c-51f0-4020-9756-d190848cf181,integrate content into output media,"Compile and integrate media and text content into online and offline systems, such as websites, platforms, applications and social media, for publishing and distribution."
http://data.europa.eu/esco/skill/c0e61be1-be87-4774-bdef-db9f6994f3b9,link data between all inland business units,"Link data between all divisions and inland business units, such as harbour docking, ship assist and barge shifting, to inland barge transportation, towing, and launch services."
http://data.europa.eu/esco/skill/c0e82b9f-39d5-4be8-968b-655b7d330113,provide security in detention centres,"Ensuring security and to some extent intercultural communication in detention centres holding individuals for crimes, illegal immigration or refugees."
http://data.europa.eu/esco/skill/c10d0ba2-e22b-4b4f-8f6c-1b6fa8587fbc,control the opening and closing of train doors,"Control the opening and closing of train doors during stops. Ensure and enforce security measures for passengers entering and leaving the train. Ensure that equipment, train doors and controls are functioning properly."
http://data.europa.eu/esco/skill/c13fb093-5ffb-491a-b8b7-fa2d42a57e2e,implement cloud security and compliance,Implement and manage security policies and access controls on cloud. Differentiate between the roles and responsibilities within the shared responsibility model.
http://data.europa.eu/esco/skill/c1b4aa1e-bc42-49e4-952a-0cbd45f1d57b,museum databases,The tools and processes involved in working with museum databases.
http://data.europa.eu/esco/skill/c1b746ee-b72c-4ef7-b5c1-f817892938a6,develop optical test procedures,"Develop testing protocols to enable a variety of analyses of optical systems, products, and components."
http://data.europa.eu/esco/skill/c1f29568-f2bb-49d2-b6c2-28748bd1629b,manage online content,"Ensure the website content is up to date, organised, attractive and meets the target audience needs, the requirements of the company and international standards by checking the links, setting the publishing time framework and order."
http://data.europa.eu/esco/skill/c20bd66c-6576-48cf-9ffd-49e1f93c914c,stamp refractory products,Stamp products with the specified pattern or code prior to curing using handtools.
http://data.europa.eu/esco/skill/c216b67a-7462-4f6a-ba14-db02f6e91b68,compile data for navigation publications,Compile data for navigational publications; gather and process authentic and valid data.
http://data.europa.eu/esco/skill/c2296e2e-5fef-4f24-a24f-e5b3792268be,provide ICT support,"Resolve ICT-related incidents and service requests from customers, clients or colleagues including password resets and updating databases such as Microsoft Exchange email."
http://data.europa.eu/esco/skill/c2432314-940b-43a0-bb99-7abe069ddb37,analyse seismic risk,Study data acquired from seismometers and other equipment in order to detect seismic risks in specific areas of planned construction.
http://data.europa.eu/esco/skill/c281ebab-c698-495b-9916-abdb7dc78c50,follow ethical code of conduct of journalists,"Follow the ethical code of conduct of journalists, such as freedom of speech, right of reply, being objective, and other rules."
http://data.europa.eu/esco/skill/c291df22-0d6b-4cea-8feb-11c350a33081,monitor radiation levels,"Use measuring and testing equipment and techniques to identify the levels of radiation or radioactive substances in order to control exposure and minimise health, safety, and environmental risks."
http://data.europa.eu/esco/skill/c2a97099-53e9-4fba-b289-35bc025fb348,conduct airport security screening,Monitor passenger flow through the screening checkpoint and facilitate the orderly and efficient processing of passengers; inspect luggage and cargo following screening procedures.
http://data.europa.eu/esco/skill/c2cbbccf-4ffd-4626-86e7-505b39c872a0,implement spam protection,Install and configure software that supports email-users to filter messages that contain malware or that are unsolicited.
http://data.europa.eu/esco/skill/c2ce7fe9-203b-492a-961e-9698dce7de19,perform safety data analysis,Use different safety databases to perform analyses of information on actual or potential safety threats.
http://data.europa.eu/esco/skill/c2ff1e5f-77ba-4527-bd88-dc7e5d67e2b9,ensure vehicles are equipped with accessibility equipment,"Ensure that the vehicle is equipped with accessibility equipment such as passenger lift, seat belts, restraining harnesses, and wheelchair clamps or webbing straps."
http://data.europa.eu/esco/skill/c31a222b-de0b-490c-82b8-472167cb0ba5,specialised astrology software,The software that is used to gather and interpret data on the relevant positioning of celestial objects in order to deduct their influence on human life.
http://data.europa.eu/esco/skill/c330db31-7fa9-4a8c-8ad6-baa957bcfed1,install operating system,"Install the operating system (OS) or software that manages the software resources and computer hardware on a computer system. The operating system is an essential component of any computer system and mediates between the hardware, the application programs, and the end user. Famous examples of computer operating systems include Microsoft Windows, Linux, and Mac OS."
http://data.europa.eu/esco/skill/c3334a54-3d0c-4295-916f-eaacefb78b64,run test pressings,"Run a series of test pressings, testing both the stamper and the moulded disc before initiating the production process."
http://data.europa.eu/esco/skill/c380714e-536c-4b51-b138-0f5f82c6d0b3,plan the web forming techniques for non-woven,"Plan, conduct, coordinate and monitor the non-woven web forming process and assure that is carried out in a consistent manner and in accordance with specifications."
http://data.europa.eu/esco/skill/c38610b0-1165-41ec-bbf1-0d62a82a5b04,perform hydrodynamics calculations,"Perform calculations and gather technical data in order to determine the behaviour of liquids in motion. The solution to a hydrodynamic problem typically involves the calculation of various properties of the liquid, such as flow velocity, pressure, density, and temperature, as functions of space and time."
http://data.europa.eu/esco/skill/c3a03c5a-c260-4c26-9b9a-873abb396f4d,MATLAB,"The techniques and principles of software development, such as analysis, algorithms, coding, testing and compiling of programming paradigms in MATLAB."
http://data.europa.eu/esco/skill/c3e36d05-8ae8-447f-bb2b-6f9409f85389,deliver visual presentation of data,Create visual representations of data such as charts or diagrams for easier understanding.
http://data.europa.eu/esco/skill/c438aa25-949e-47e6-a79c-a805d774946e,write batch record documentation,"Write reports on the manufactured batches history taking into account the raw data, tests performed and compliance to Good Manufacturing Practices (GMP) of each batch of product."
http://data.europa.eu/esco/skill/c46cf6f9-8b1e-44b9-a529-f5774c9167dd,desktop publishing,The creation of documents using page layout skills on a computer. Desktop publishing software can generate layouts and produce typographic quality text and images.
http://data.europa.eu/esco/skill/c46f9312-e414-42f0-9c8b-1c1886af7b8d,CAD for footwear,The architecture and functionality of 2D and 3D computer assisted design software systems for footwear.
http://data.europa.eu/esco/skill/c489caef-57b8-4e5c-b417-4e505a9b71c9,operate games,"Acknowledge and greet all customers to the gaming tables, be fully conversant with the rules and company procedures of all games within the casino; give clear and confident commentary throughout all games and maintain the required level of table security, ensuring that any problems are brought to the attention of the table inspector; control games by pacing them accordingly with regard to ‘chip’ volume and customer and business needs; demonstrate awareness of customers and their mode of play, responding to their requests where appropriate; explain fully the rules of games to customers, recognising when customers require help and provide assistance in a positive manner."
http://data.europa.eu/esco/skill/c4b1f326-224a-420a-b8b3-814a8f13b6cb,implement front-end website design,Develop website layout and enhance user experience based on provided design concepts.
http://data.europa.eu/esco/skill/c4b626c1-e71c-44ec-9f88-042766f37fcc,application usability,"The process through which the learnability, efficiency, usefulness and ease of use of a software application can be defined and measured."
http://data.europa.eu/esco/skill/c4ba511c-dc24-44bc-8bc5-10b2d4a191fb,blockchain design patterns,"Re-usable blockchain solution approaches including non-blocking user interface design, asynchronous API design, secure synchronization , time stamping, enterprise business integration, simple assets, and assets with rules."
http://data.europa.eu/esco/skill/c4c51507-f669-4740-abf0-9bee87732185,port regulation,"The legal standards and regulations applicable to ports, based primarily on municipal laws, port laws or the Maritime Code."
http://data.europa.eu/esco/skill/c524d364-e818-44e0-800e-5963f42b07e5,support discharge from physiotherapy,"Support discharge from physiotherapy by assisting in the transition across the health care continuum, whilst ensuring that the agreed needs of the client are met appropriately and as directed by the physiotherapist."
http://data.europa.eu/esco/skill/c5320743-60f2-40dc-bc13-337cc3834892,study groundwater,"Prepare and conduct field studies in order to determine groundwater quality. Analyse and interpret maps, models and geographical data. Compose a picture of area groundwater and land contamination. File reports on issues with landfill groundwater, e.g. area pollution caused by coal combustion products."
http://data.europa.eu/esco/skill/c5422318-3218-4ce9-9bdd-f38b93ff63a3,design electromechanical systems,"Draft sketches and design electromechanical systems, products, and components using Computer Aided Design (CAD) software and equipment."
http://data.europa.eu/esco/skill/c5e8abde-d2ba-4e8e-a65e-720b71180666,unstructured data,The information that is not arranged in a pre-defined manner or does not have a pre-defined data model and is difficult to understand and find patterns in without using techniques such as data mining.
http://data.europa.eu/esco/skill/c5ed451b-ef39-47a3-aee7-8f5be0aa8431,CA Datacom/DB,"The computer program CA Datacom/DB is a tool for creating, updating and managing databases, currently developed by the software company CA Technologies."
http://data.europa.eu/esco/skill/c5efe5ad-c5e3-4bd1-9c8b-4a514940f4d6,record production data,"Keep a record of data such as name, colour and quantity of the produced goods."
http://data.europa.eu/esco/skill/c5f8613b-5546-4295-8b26-7bf977d401f0,create insurance policies,"Write a contract that includes all the necessary data, such as the insured product, the payment to be made, how often the payment is needed, the personal details of the insured and on what conditions the insurance is valid or invalid."
http://data.europa.eu/esco/skill/c65b5463-64bd-4c90-af45-2c0cca6f55ac,develop strong attitudes in sports,"Identify and understand the emotional demands, the necessary attitudes and mental skills and work with supporting team (including for example coaches, physiotherapist, nutritionist, psychologist) to implement an adapted programme to achieve the targeted highest level performance."
http://data.europa.eu/esco/skill/c66fd23d-ee40-4c0c-9279-1305bba6b59b,support witnesses,"Support witnesses before, during, and after a court hearing to ensure their sense of security, that they are prepared mentally for the trial, and to aid them in the preparation of their stories or for the lawyers' line of questioning."
http://data.europa.eu/esco/skill/c672c8e0-92f3-4018-a5e2-4a72f7109a8f,conduct chiropractic examination,"Undertake chiropractic assessment, collecting data by physical examinations and evaluating anatomic findings through the use of observation, palpation, percussion, auscultation and information derived from other relevant sources."
http://data.europa.eu/esco/skill/c683335e-b862-44a5-9d37-fc85b39cf022,establish communication with foreign cultures,Strive to understand the cultural codes of the society where the company operates and to establish a solid communication and mutual understanding with its members.
http://data.europa.eu/esco/skill/c6f88b89-ce2c-4b8c-a133-7ee95bc48efa,teach dance,"Instruct students in the theory and practice of dance, recreationally or with the aim of assisting them in pursuing a future career in this field. Deliver correcting instructions that support difference and pay attention to ethical codes of conduct around touch, personal space, and appropriate pedagogic methods as a tool to foster participants."
http://data.europa.eu/esco/skill/c7451027-8249-405a-bb1b-342ff0f3fb3b,Salt (tools for software configuration management),"The tool Salt is a software program to perform configuration identification, control, status accounting and audit."
http://data.europa.eu/esco/skill/c753a3b5-d5cc-406d-adfe-3372bb267f4b,maintain customer records,Keep and store structured data and records about customers in accordance with customer data protection and privacy regulations.
http://data.europa.eu/esco/skill/c779cf40-506b-44b6-a366-b3bff0a5e11a,use intranet,Use a private network within an organisation to store information and improve communication and collaboration between employees.
http://data.europa.eu/esco/skill/c77ac399-de03-4136-9531-023c453006be,hazardous freight regulations,"The regulatory schemes applicable to the transportation of dangerous materials, such as IATA Dangerous Goods Regulations (DGR) for air transport, or International Maritime Dangerous Goods Code (""IMDG Code"") for transportation of hazardous materials by sea."
http://data.europa.eu/esco/skill/c7d24594-0c11-4b27-9039-fe0bb903da8e,LINQ,The computer language LINQ is a query language for retrieval of information from a database and of documents containing the needed information. It is developed by the software company Microsoft.
http://data.europa.eu/esco/skill/c82efd52-7d49-4692-bde7-3dc39311cc31,document security incidents in the store,"Prepare documentation and specific reports of the security threats, observations and incidents, such as shoplifting, that occur in the store, to be used as evidence against the offender, if required."
http://data.europa.eu/esco/skill/c87c5366-c9a9-4205-8333-4938a9c384ad,"maintain a safe, hygienic and secure working environment","Preserve health, hygiene, safety and security in the workplace in accordance with relevant regulations."
http://data.europa.eu/esco/skill/c895c0d8-40cf-4db8-a464-786a94ca7f68,operate laser plate maker machine,"Maintain and handle laser plate making equipment, which converts electronic data to plates without the use of photographic film. Use erasers and needles to perform minor deletions, additions or corrections to complete these materials."
http://data.europa.eu/esco/skill/c8bd9f9f-0ec6-447a-ab78-ad6eeeed9aa8,electrical testing methods,"Test procedures performed on electrical equipment and machinery in order to check the performance and quality of the electrical equipment and their adherence to specifications. During these tests electrical properties, such as voltage, current, resistance, capacitance, and inductance, are measured using electrical measuring equipment, such as multimeters, oscilloscopes, and voltmeters."
http://data.europa.eu/esco/skill/c8d53d69-d900-4092-af80-c5d0422bcdb3,Source (digital game creation systems),"The game engine Source which is a software framework that consists of integrated development environments and specialised design tools, designed for the rapid iteration of user-derived computer games."
http://data.europa.eu/esco/skill/c8de8023-ab8a-402b-a828-b2b57cd3b2f7,install software,"Install machine-readable instructions, such as computer programs, in order to direct the computer's processor to perform a certain set of actions."
http://data.europa.eu/esco/skill/c8fa4313-80b0-4f37-8b1b-1739707bc362,teach digital literacy,"Instruct students in the theory and practice of (basic) digital and computer competency, such as typing efficiently, working with basic online technologies, and checking email. This also includes coaching students in the proper use of computer hardware equipment and software programmes."
http://data.europa.eu/esco/skill/c95c29fe-3971-46b7-80e9-1f7e75ba99b3,use specific data analysis software,"Use specific software for data analysis, including statistics, spreadsheets, and databases. Explore possibilities in order to make reports to managers, superiors, or clients."
http://data.europa.eu/esco/skill/c97ba966-6d85-4f07-bb24-f1f08f962f6c,build a network of suppliers in tourism,Establish a widely spread network of suppliers in the tourism industry.
http://data.europa.eu/esco/skill/c9ba0570-f751-4023-9851-5a0826e722cc,interact verbally in Javanese,Communicate orally in Javanese.
http://data.europa.eu/esco/skill/c9e96450-421d-48af-9ee6-d9c50e29afc2,ICT recovery techniques,"The techniques for recovering hardware or software components and data, after failure, corruption or damage."
http://data.europa.eu/esco/skill/ca71c597-51c2-4ead-a7b0-b108bce89caf,cognitive computing,The interdisciplinary field between cognitive science and computer science that involves simulating human thinking processes through a computerised approach. It makes use of algorithms for data mining and natural language processing to imitate the functioning of the human brain.
http://data.europa.eu/esco/skill/cae4c053-05d1-413d-8499-f37793aad56e,audio editing software,"The various software for editing and generating audio, such as Adobe Audition, Soundforge, and Power Sound Editor."
http://data.europa.eu/esco/skill/cb1a2fbf-242d-4a4e-a466-588378f124c1,operate scientific measuring equipment,"Operate devices, machinery, and equipment designed for scientific measurement. Scientific equipment consists of specialised measuring instruments refined to facilitate the acquisition of data."
http://data.europa.eu/esco/skill/cb5cccc9-abe4-4b11-abe6-d27e5cd85fb1,manage standards for data exchange,Set and maintain standards for transforming data from source schemas into the necessary data structure of a result schema.
http://data.europa.eu/esco/skill/cc61f9e5-d4fc-470e-8606-1ce865ff8386,develop professional network with researchers and scientists,"Develop alliances, contacts or partnerships, and exchange information with others. Foster integrated and open collaborations where different stakeholders co-create shared value research and innovations. Develop your personal profile or brand and make yourself visible and available in face-to-face and online networking environments."
http://data.europa.eu/esco/skill/cc7370dd-69fa-4c67-a96f-d4d135d38700,data quality assessment,"The process of revealing data issues using ​quality indicators, measures and metrics in order to plan data cleansing and data enrichment strategies according to data quality criteria."
http://data.europa.eu/esco/skill/ccb2e5f2-4279-48fd-9d85-a1db42ff1e13,project configuration management,"The process for the effective management of the key project artefacts and deliverables, ensuring that the correct versions are delivered to the project requestor and allowing project managers to identify the latest state of project artefacts and be able to gather all sources, documents, and other information for the project, prevent unauthorised changes, guarantee artefacts traceability and return to previous versions. It comprises the identification of project configuration items (CIs), their attributes and status codes, the establishment of baselines, the definition of roles and responsibilities for authorised changes to CIs, and the maintenance and control of a project repository."
http://data.europa.eu/esco/skill/ccd0a1d9-afda-43d9-b901-96344886e14d,Python (computer programming),"The techniques and principles of software development, such as analysis, algorithms, coding, testing and compiling of programming paradigms in Python."
http://data.europa.eu/esco/skill/ccdbd9bb-4faf-403c-a968-e8bf487f8a53,business ICT systems,"The software packages, hardware devices and new technologies used in supporting business processes such as enterprise resource planning (ERP), customer relationship management (CRM), mobile devices and network solutions."
http://data.europa.eu/esco/skill/cd4b9e72-a18d-44bd-b227-14bbdd162dc1,prepare samples for testing,"Take and prepare samples for testing, verify their representability; avoid bias and any possibility of accidental or deliberate contamination. Provide clear numbering, labelling and recording of the sample details, in order to make sure that the results can be accurately matched to the original material."
http://data.europa.eu/esco/skill/cd56a093-3400-4635-80bd-b9611dcf1542,Gamemaker Studio,"The cross-platform game engine which is written in Delphi programming language and consists of integrated development environments and specialised design tools, designed for the rapid iteration of user-derived computer games."
http://data.europa.eu/esco/skill/cd733651-f332-422e-a9a1-1b19b5e98449,use pest detection sensors,"Use wireless sensor networking technologies such as low-power image sensors, acoustic sensors or sensors for Leaf Area Index measuring to monitor and detect insect pests occurrence in crop productions."
http://data.europa.eu/esco/skill/cdfb75ab-adc3-4143-a453-b91949dcfa1f,draw sketches to develop textile articles using softwares,"Draw sketches to develop textiles or wearing apparel using softwares. They create visualisations of the motives, patterns or products in order to be manufactured."
http://data.europa.eu/esco/skill/ce26e71f-2d47-474e-89b6-7920931ac4fc,iOS,"The system software iOS consists of features, restrictions, architectures and other characteristics of operating systems designed to run on mobile devices."
http://data.europa.eu/esco/skill/ce354460-500e-4eaa-8e95-8f243fcea3db,manage system testing,"Select, perform and track testings on software or hardware to detect system defects both within the integrated system units, the inter-assemblages and the system as a whole. Organise testings such as installation testing, security testing and graphical user interface testing."
http://data.europa.eu/esco/skill/ce6242a1-a2d9-43e6-a481-ae89b9ec0460,model microelectronics,"Model and simulate microelectronic systems, products, and components using technical design software. Assess the viability of the product and examine the physical parameters to ensure a successful production process."
http://data.europa.eu/esco/skill/ce8155b2-476d-4f64-94e7-42388f2139cb,museology,"The study of the evolution of museums within societies overtime. It includes also the activities that museums carry out such as curation, preservation and public programming."
http://data.europa.eu/esco/skill/ce8ae6ca-61d8-4174-b457-641de96cbff4,automate cloud tasks,Automate manual or repeatable processes to minimize management overhead. Evaluate cloud automation alternatives for network deployments and tool-based alternatives for network operations and management.
http://data.europa.eu/esco/skill/cea46a1b-d29a-4373-8c39-e465a90756ac,collect healthcare user data under supervision,"Collect qualitative and quantitative data related to the healthcare user's physical, psychological, emotional and social status and functional ability within set parameters, monitoring healthcare user's responses and status during the performance of assigned measures/tests and taking appropriate action, including reporting the findings to the physiotherapist."
http://data.europa.eu/esco/skill/ceb175c2-fcf3-400e-833a-0a7b25131be7,handle touristic quantitative data,"Gather, process and present quantitative data in the touristic sector about attractions, events, travelling and accommodation."
http://data.europa.eu/esco/skill/ceeb2e10-f354-4e6a-8c6a-3e46b80798e5,carry out social work research,Initiate and design research to assess social problems and evaluate social work interventions. Use statistical sources to connect the individual data with more aggregated categories and interpret data relating to the social context.
http://data.europa.eu/esco/skill/cf0b92de-4bd0-46ee-b383-7765b4cbcac9,clinical coding,The matching of clinical statements with standard codes of illnesses and treatments through use of a classification system.
http://data.europa.eu/esco/skill/cf200547-25b5-47c8-9eda-bca4aedc13fb,program firmware,"Program permanent software with a read-only memory (ROM) on a hardware device, such as an integrated circuit."
http://data.europa.eu/esco/skill/cf310cff-0d28-4dbc-9dbb-cc500a3196c2,office software,"The characteristics and functioning of software programs for office tasks such as word processing, spreadsheets, presentation, email and database."
http://data.europa.eu/esco/skill/cf3e976d-2c3e-495c-a874-f9e8a66d3b48,perform backups,Implement backup procedures to backup data and systems to ensure permanent and reliable system operation. Execute data backups in order to secure information by copying and archiving to ensure integrity during system integration and after data loss occurrence.
http://data.europa.eu/esco/skill/cf532795-a1fd-43bd-8407-6e43f877e6e3,mobile device management,"The methods for managing the use of mobile devices within an organisation, while ensuring security."
http://data.europa.eu/esco/skill/cfa2be0d-96d5-4017-a866-962efb9c5070,signal processing,"The algorithms, applications and implementations that deal with the processing and transferring of information through analog or digital frequencies."
http://data.europa.eu/esco/skill/cfb8d64c-f8d7-4894-a02e-2551ab33f1d0,Canvas (learning management systems),"The Canvas network is an e-learning platform for creating, administrating, arranging, reporting and delivering e-learning education courses or training programs."
http://data.europa.eu/esco/skill/d04ee340-5378-4601-8181-19da6d5cbfe0,manage website,"Provide different services related to website management such as monitoring online traffic, managing content, providing website support and making estimations and improvements to one's website."
http://data.europa.eu/esco/skill/d055b839-911d-4c93-aab1-09baba13af92,perform veterinary diagnosis,"Identify and determine the physiological status of animals and the nature and cause of diseases in animals through evaluation of patient history, clinical examination, and the selection, taking and reviewing of confirmatory imaging, laboratory and other ancillary test data."
http://data.europa.eu/esco/skill/d05d0dc5-95f6-4287-8884-f54fcfea5178,report the results of treatment,"Analyse and process information and data, and subsequently formulate the results in a written report."
http://data.europa.eu/esco/skill/d08f7568-bdd8-4073-8a86-a65673f2b242,aquatic resources biosecurity,The principles underlying the concept of biosecurity in relation to the cultivation of aquatic resources as cash crops.
http://data.europa.eu/esco/skill/d0c425c6-e3de-465e-923d-d4d30ec4be9b,national generally accepted accounting principles,The accounting standard accepted in a region or country specifying the rules and procedures to disclose financial data.
http://data.europa.eu/esco/skill/d0c6d77e-cb25-4770-bf77-2073fc5f7523,ICT infrastructure,"The system, network, hardware and software applications and components, as well as devices and processes that are used in order to develop, test, deliver, monitor, control or support ICT services."
http://data.europa.eu/esco/skill/d0f2f8a7-d935-4a6d-8e54-dcc3e5e2cbeb,present reports,"Display results, statistics and conclusions to an audience in a transparent and straightforward way."
http://data.europa.eu/esco/skill/d13ec79c-ed13-4f4a-bed7-850f3fec57ef,determine colour shades,"Determine and use the correct colour to be applied to a surface, according to requirements, by using instruments and software."
http://data.europa.eu/esco/skill/d181042e-c531-4461-af7c-4071c53418fe,type on electronic devices,Type fast and flawless on electronic devices such as computers in order to ensure a quick and accurate data entry.
http://data.europa.eu/esco/skill/d18e37a5-2cdf-4845-bb65-7c8e82e09dc5,inspect machinery,Check machine equipment for proper performance and detect faults and malfunctions. Diagnose malfunctions using testing equipment to determine the required repair.
http://data.europa.eu/esco/skill/d1920e7f-c9ef-4e48-91b9-cdb6fbb46f58,manage quality of leather throughout the production process,"Manage systems for the customer-focused organisation of leather production processes. It uses strategy, data, and effective communications to integrate the quality approach into the culture and activities of the company and also to achieve the organisation’s mission and goals."
http://data.europa.eu/esco/skill/d1a2b81b-a3b5-4e4c-958f-e361254c295e,develop assembly instructions,Develop a code of letters and numbers to label diagrams for assembly instructions.
http://data.europa.eu/esco/skill/d1a86399-24d8-415f-98b9-e8cbb6b04a26,Unity (digital game creation systems),"The game engine Unity which is a software framework that consists of integrated development environments and specialised design tools, designed for the rapid iteration of user-derived computer games."
http://data.europa.eu/esco/skill/d1e954cd-d290-4d80-97c0-7969960d2928,distributed directory information services,"The directory services that automate the network management of security, user data and distributed resources and enable access to information in a computer system's directory."
http://data.europa.eu/esco/skill/d1f435d2-e574-482c-8187-4a6c2214c683,test printed circuit boards,"Test the printed circuit board with special testing adapters to ensure optimal efficiency, functionality, and that everything works according to design. Adapt the testing devices to the type of circuit board."
http://data.europa.eu/esco/skill/d2564da5-c21f-4c02-8887-c78a001bb183,adhere to organisational code of ethics,"Adhere to organisational European and regional specific standards and code of ethics, understanding the motives of the organisation and the common agreements and apply this awareness."
http://data.europa.eu/esco/skill/d2adb565-a865-424d-aeb5-9fbcbf2afe2a,Joomla,"The open-source web-based software system written in PHP, used for creating, editing, publishing and archiving blogs, articles, corporate or small business websites, social networking websites or press releases."
http://data.europa.eu/esco/skill/d2adf974-7868-4ede-bc48-9f88824ab250,test semiconductors,"Use semiconductor automated test equipment (ATE) to check and diagnose malfunctions in semiconductors and their components, such as resistors, capacitors, and inductors. Apply different testing techniques for different components, such as wafer testing."
http://data.europa.eu/esco/skill/d31fab87-2a7d-485c-b699-2901ca294b15,use functional programming,"Utilise specialised ICT tools to create computer code which treats computation as the evaluation of mathematical functions and seeks to avoid state and mutable data. Use programming languages which support this method such as LISP, PROLOG and Haskell."
http://data.europa.eu/esco/skill/d3286405-49f8-4e8a-8046-a4376b4e7963,manage cloud data and storage,"Create and manage cloud data retention. Identify and implement data protection, encryption, and capacity planning needs."
http://data.europa.eu/esco/skill/d32db06e-bd06-4415-a7ab-1b0ee68caa9a,ICT encryption,"The conversion of electronic data into a format which is readable only by authorized parties which use key encryption techniques, such as Public Key Infrastructure (PKI) and Secure Socket Layer (SSL)."
http://data.europa.eu/esco/skill/d37bc902-f640-48d7-9db4-544db9aa65fa,prepare financial projections,"Gather financial data, exert analyses, and come up with financial projections for small and big businesses."
http://data.europa.eu/esco/skill/d38055cc-7c76-4e5e-90e7-5bb5d5851a92,coordinate the allocation of Mode S radars to Interrogator Codes,Ensure correct and safe operation of Mode S Secondary Surveillance Radars. Ensure they are configured with an Interrogator Code (IC) allocated specifically to each radar.
http://data.europa.eu/esco/skill/d38871eb-b988-495e-8fca-345677b597a8,state estimation,The process of fusing input data measurements and a mathematical model to determine the internal state of an energy system.
http://data.europa.eu/esco/skill/d3e36164-79aa-4f14-9a8c-d88d38f84ea0,interpret automatic call distribution data,"Interpret information of call distribution system, a device that transmits incoming calls to specific groups of terminals."
http://data.europa.eu/esco/skill/d3e9b00a-0891-4fa8-836d-8240ec3d2758,GDPR,The General Data Protection Regulation is the EU regulation on the protection of natural persons with regard to the processing of personal data and on the free movement of such data.
http://data.europa.eu/esco/skill/d433c82e-fa7a-492e-a8fd-eee7b39e4c48,security regulations,"The body of regulations, legal procedures and policies regarding security and safety management."
http://data.europa.eu/esco/skill/d4789070-2ff7-4bbb-94ca-8bb1739826a9,authoring software,"The software that provides pre-programmed elements which allow the development of interactive multimedia applications in order to edit, structure and lay out content intended for publication."
http://data.europa.eu/esco/skill/d48b3cfe-80b6-406f-b582-d959b60417f8,examine civil structures,Perform non-destructive testing on civil structures such as bridges and pipelines in order to find abnormalities or damage.
http://data.europa.eu/esco/skill/d4ae4774-a81d-4255-8491-cade3580685a,Adobe Photoshop Lightroom,The computer program Adobe Photoshop Lightroom is a graphical ICT tool which enables digital editing and composition of graphics to generate both 2D raster or 2D vector graphics. It is developed by the software company Adobe.
http://data.europa.eu/esco/skill/d523d7bf-cb3d-4310-9bf3-5670659c9b83,news analytics,"The study of textual news stories expressed as numbers and metadata in order to gain insight into the relevance of the story, sentiment, and novelty."
http://data.europa.eu/esco/skill/d52487b0-cb03-4f41-a269-40c718018c2c,monitor after sales records,Keep an eye on the after sales feedback and monitor customer satisfaction or complaints; record after sales calls for thorough data analysis.
http://data.europa.eu/esco/skill/d56a2182-14e0-4319-ab2f-0133aa67672b,follow ethical code of conduct in assessment situations,"Carry out interviews, tests, simulations and assessment of evidence of prior learning according to accepted principles of right or wrong, including fairness, transparency, objectivity, safety, privacy and impartiality in assessment practices and conduct towards candidates."
http://data.europa.eu/esco/skill/d56fc2b5-4b0a-4e7e-9bde-a33736f6ff18,Scratch (computer programming),"The techniques and principles of software development, such as analysis, algorithms, coding, testing and compiling of programming paradigms in Scratch."
http://data.europa.eu/esco/skill/d5bcc417-a004-4165-b7f1-ab739eadd2f4,smart city features,The use of big data technologies in the context of smart cities in order to develop novel software ecosystems upon which advanced mobility functionalities can be created.
http://data.europa.eu/esco/skill/d5d8e3e0-15a8-4cea-b877-7100363e36c7,ensure private property security,"Make sure that gates and doors are locked, windows are closed and alarm systems are active, in order to prevent burglaries or theft."
http://data.europa.eu/esco/skill/d5e57d53-2346-42d0-89b1-2ea10248384c,types of psychotherapy sessions,"Types of psychotherapy for individuals, groups or families according to behavioural/cognitive, psychoanalytic/dynamic, systemic methods or other appropriate psychological therapies."
http://data.europa.eu/esco/skill/d5e9b47e-580f-41e7-bc6c-e7345566fcb4,review patient's medical data,"Assess and review relevant medical data of patients such as X-rays, medical history and laboratory reports."
http://data.europa.eu/esco/skill/d5fa1ed6-6cd8-41b9-8e78-2ba168ff3457,process orders from online shop,"Process orders from web shop; direct sales, packaging and shipment."
http://data.europa.eu/esco/skill/d63f49de-cb72-4ce3-9553-a374a4f32f52,analyse data about clients,"Study data about clients, visitors, customers or guests. Gather, process and analyse data about their characteristics, needs and buying behaviours."
http://data.europa.eu/esco/skill/d686f015-5568-4288-9135-74936cd7b655,blockchain-based business models,"The study of diverse blockchain business models such as Blockchain-Based Software Products, Blockchain Development Platforms, Token Economy-Utility Token Business Model, P2P Blockchain Business Model, as well as Blockchain as a Service Business Model (BaaS)."
http://data.europa.eu/esco/skill/d6c84f20-db10-47d3-971f-384114f0b6c2,complete membership administration,"Oversee and carry out several tasks in the membership administration process such as reporting membership numbers, ensure that the website is reviewed and maintained and writing newsletters."
http://data.europa.eu/esco/skill/d6cdef49-b669-4507-91d1-3f959cf98e47,maintain database performance,Calculate values for database parameters. Implement new releases and execute regular maintenance tasks such as establishing backup strategies and eliminating index fragmentation.
http://data.europa.eu/esco/skill/d6e3395b-5ab6-4fba-969a-3df634e904c5,ICT network cable limitations,"The limitations, such as distance limitations and resistance of types of cables, such as fibre cable, coax cable and ethernet cable which are used for realising networks."
http://data.europa.eu/esco/skill/d70cab7b-ad8c-4be8-84f0-c5f3f9501818,maintain media integration equipment,Check and repair media integration equipment and maintain its software.
http://data.europa.eu/esco/skill/d716e8f0-a93e-43f0-b651-be9a5658e905,record furnace operations,Log furnace time and production data.
http://data.europa.eu/esco/skill/d78dedfc-21d2-45fd-ba05-e56b7a8865e6,network standards,"Regulated standards that provide the technical guidelines, specifications, and requirements to ensure safe and efficient interoperability between devices, software, equipment, and organisations. Networking standards govern the software and hardware which uses them."
http://data.europa.eu/esco/skill/d7be8a62-616e-453b-a319-b62cf914f3e9,perform rail track inspections,"Plan and implement regular inspections and investigations of the rail track system in order to provide optimal coverage of the railway network in a given area. Inspect aspects such as track alignment, features of the terrain, and existence of ditches, embankments, and loose rock debris on the network."
http://data.europa.eu/esco/skill/d7cae736-7937-4b25-a015-0dbb3a8cf61e,develop social security programmes,"Develop programmes and policies which aim to protect citizens and grant them rights in order to aid them, such as providing unemployment and family benefits, as well as to prevent misuse of government-provided aid."
http://data.europa.eu/esco/skill/d7e4a9fa-cfc2-45f9-96eb-13dc6e48c86c,video conferencing tool,The software that are used to enable virtual meetings between people through internet with real-time multidirectional video and audio streaming.
http://data.europa.eu/esco/skill/d81b58ba-52e4-45fa-9f7c-f59b87fa6041,domotic systems,"Residential intelligent building installations for lighting, heating, security, etc that can be controlled remotely. Domotic systems aim at improving the quality of life inside houses and buildings, including enhancing the independence of people with disabilities and contributing to energy saving."
http://data.europa.eu/esco/skill/d83e8dbd-257b-4aa9-abb5-e65924eb1797,ethics of sharing work through social media,The ethics around the appropriate use of social networks and media channels through which to share your work.
http://data.europa.eu/esco/skill/d86595cb-0c68-4d98-aea8-32269da7eef5,operate scanner,Set up and operate scanner equipment and its hard- and software.
http://data.europa.eu/esco/skill/d8829a1d-dbde-435b-b921-29d6462f35c9,Android (mobile operating systems),"The system software Android consists of features, restrictions, architectures and other characteristics of operating systems designed to run on mobile devices."
http://data.europa.eu/esco/skill/d89b9a3f-19bf-4b9b-9664-ed35924eb399,collect data using GPS,Gather data in the field using Global Positioning System (GPS) devices.
http://data.europa.eu/esco/skill/d8ee0b01-3d33-4a32-a07c-6a107400cac0,CAD for garment manufacturing,Softwares of computer aided design for garment manufacturing which allow create 2 or 3 dimensional drawings.
http://data.europa.eu/esco/skill/d90bad2f-7fcc-4e85-a02f-ba4837732892,post-processing of photographs,The characteristics of software and techniques used in post-processing photographs.
http://data.europa.eu/esco/skill/d91ddb66-67e9-4363-a2cb-a07f811bb027,prepare horoscopes,"Make a prediction of a person's future, analyse a person's character, including talents, compatibility of two persons, the best moment to start a journey or get married, based on that person's birth date and the relative positioning of celestial objects based on astrological interpretation. These forecasts can be daily, weekly or monthly. Use specialised software to draw different types of astrological charts, such as birth charts, transit charts, solar return charts, synastry charts or progressed charts."
http://data.europa.eu/esco/skill/d94cdb45-ce0c-4e1e-8149-1998127f627c,work with healthcare users' social network,"Get involved with the friends, families and other relevant actors important for the client or patient being treated, under the conditions of confidentiality and transparency."
http://data.europa.eu/esco/skill/d96e25fe-18f2-47bc-9939-bad113934204,manage landscape design projects,"Make preparations for the development of parks, recreation areas and roadside landscaping. Prepare designs, drawings and specifications for such projects and estimate the costs."
http://data.europa.eu/esco/skill/d9818afc-1dec-4944-8c9c-e3ae8fad176d,set up the controller of a machine,Set up and give commands to a machine by dispatching the appropriate data and input into the (computer) controller corresponding with the desired processed product.
http://data.europa.eu/esco/skill/d9cc828c-61fc-422d-91e7-b2e8e4aa48a5,compile statistical data for insurance purposes,Produce statistics on potential risks such as natural and technical disasters and production downtimes.
http://data.europa.eu/esco/skill/d9e5349e-8791-49c2-8ba4-839fdd1606c2,define technical requirements,"Specify technical properties of goods, materials, methods, processes, services, systems, software and functionalities by identifying and responding to the particular needs that are to be satisfied according to customer requirements."
http://data.europa.eu/esco/skill/d9eaf831-9348-4330-a83e-b7c099cdc8f6,Teradata Database,"The computer program Teradata Database is a tool for creating, updating and managing databases, developed by the software company Teradata Corporation."
http://data.europa.eu/esco/skill/da042121-959d-451b-b4d0-3bbf07c1bc67,analyse network bandwidth requirements,Study the requirements on the transmission capacity of an ICT network or other telecommunication system.
http://data.europa.eu/esco/skill/da1398ac-6955-4cf3-9225-67f16e41dbdc,collect financial data,"Gather, organise, and combine financial data for their interpretation and analysis in order to predict possible financial scenarios and performance of a company or project."
http://data.europa.eu/esco/skill/dad7e408-162f-46a4-8567-db560e19e2fc,identify ICT system weaknesses,"Analyse the system and network architecture, hardware and software components and data in order to identify weaknesses and vulnerability to intrusions or attacks. Execute diagnostic operations on cyber infrastructure including research, identification, interpretation and categorization of vulnerabilities, associated attacks and malicious code (e.g. malware forensics and malicious network activity). Compare indicators or observables with requirements and review logs to identify evidence of past intrusions."
http://data.europa.eu/esco/skill/db410704-2b73-4a0c-9cfe-4eee764b1dda,promote animals,"Provide information to potential animal adopters about the animals in the shelter. Take pictures of the animals, describe their characteristics and put the profiles on a web site if applicable."
http://data.europa.eu/esco/skill/db54a4d7-9ea9-4c3d-9bd9-9169e6c1fb4f,change power distribution systems,"Review procedures, schedules and databases to identify and recommend changes in existing power distribution systems in order to meet operational requirements and regulations."
http://data.europa.eu/esco/skill/db706041-f830-4799-9b11-c75ce2178e03,types of music therapies,"The different types of music therapies such as active, receptive and functional music therapy."
http://data.europa.eu/esco/skill/db8b8c50-2476-4461-b481-d6f46efed7e7,cope with decompression,"Ascend from a dive in stages or slowly according to a decompression plan in order to give the body time to adapt to the lowered pressure. Prevent the buildup of dissolved gases in living tissue, as well as other symptoms linked to rapid ascent, collectively known as decompression sickness or ""the bends""."
http://data.europa.eu/esco/skill/db9f6f5d-2177-4c49-bf97-8eb462536665,test raw minerals,Take samples of mineral materials for testing purposes. Execute various chemical and physical tests on the materials.
http://data.europa.eu/esco/skill/dba46f87-0831-49cd-a1c7-340a653c0221,Agile development,The agile development model is a methodology to design software systems and applications.
http://data.europa.eu/esco/skill/dc298fac-7ab4-4feb-9b43-33d947d7703e,standards for web-based e-learning,"The standards and specifications used for web-based e-learning, such as Sharable Content Object Reference Model (SCORM), which define communications between client side content and a host system supported by a learning management system."
http://data.europa.eu/esco/skill/dc417e19-edb4-4401-883a-2375f67a162f,manage the general ledger,"Enter data and revise the adequate maintenance of general ledgers in order to follow up on the financial transactions of the company, and other non routine transactions such as depreciation."
http://data.europa.eu/esco/skill/dc4b2c95-d807-414c-aed3-4d4fd55a30e8,keep up with current trends in psychotherapy,"Keep up with current trends and debates in mental health services, being aware of changes in social, cultural, and political thinking about psychotherapy and of the interplay of various theories. Stay informed about increases in the demand for counselling and psychotherapies, and be aware of evidence-based research, the appropriate measurement tools for psychotherapy, and the need for research."
http://data.europa.eu/esco/skill/dcdd5ddf-82a6-4ac3-8edc-d4b23cae9a88,VBScript,"The techniques and principles of software development, such as analysis, algorithms, coding, testing and compiling of programming paradigms in VBScript."
http://data.europa.eu/esco/skill/dd504527-793b-4bd2-9ad1-a5024c4b4e1d,pack fragile items for transportation,Pack fragile items such as glass panes or glass objects using the appropriate boxes and cushioning materials such as air-encapsulated plastic or customised foam enclosures to make sure the content will not move during transportation.
http://data.europa.eu/esco/skill/dda69c90-2355-4ab5-b0ef-6ada47f74cc1,test computer hardware,Test computer hardware systems and components using appropriate equipment. Gather and analyse data. Monitor and evaluate system performance and take action if needed.
http://data.europa.eu/esco/skill/ddb65832-91a7-4157-9488-719a0e2ad87b,lead disaster recovery exercises,"Head exercises which educate people on what to do in case of an unforeseen disastrous event in the functioning or security of ICT systems, such as on recovery of data, protection of identity and information and which steps to take in order to prevent further problems."
http://data.europa.eu/esco/skill/ddc3119d-1d6e-4324-9125-a3380d299ac5,computer technology,"Computers, computer networks and other information technologies and equipment that can store, retrieve, transmit and manipulate data."
http://data.europa.eu/esco/skill/de0be6e8-644c-4cc9-9c8d-925dd98dda56,software interaction design,The methodologies for designing interaction between users and a software product or service to satisfy the needs and preferences of most of the people who will interface with the product and to simplify the communication between product and user such as Goal-oriented design.
http://data.europa.eu/esco/skill/de586dcf-d7e5-4340-bf5b-d59026f1b436,penetration testing tool,"The specialised ICT tools which test security weaknesses of the system for potentially unauthorised access to system information such as Metasploit, Burp suite and Webinspect."
http://data.europa.eu/esco/skill/de9f85ba-e77f-48fd-8c66-f5ebaf32d655,Oracle Relational Database,"The computer program Oracle Rdb is a tool for creating, updating and managing databases, developed by the software company Oracle."
http://data.europa.eu/esco/skill/deb31109-4bc6-4aa8-8ca1-d2c422403e03,follow ethical code of conduct in tourism,"Carry out touristic services according to accepted principles of right and wrong. This includes fairness, transparency and impartiality."
http://data.europa.eu/esco/skill/debb3ae0-7e55-4a0a-bd35-4372df770dad,supervise speech and language team,Supervise newly qualified speech and language therapists and assistants.
http://data.europa.eu/esco/skill/debef2fc-7af4-4bff-ac92-4d0317915a84,electronic communication,"Data communication performed through digital means such as computers, telephone or e-mail."
http://data.europa.eu/esco/skill/dee61e4f-2304-425b-8ff6-eb03070482da,be friendly to passengers,"Engage with passengers according to the expectations of contemporary social behaviour, the specific situation, and the code of conduct of the organisation. Communicate in a polite and clear way."
http://data.europa.eu/esco/skill/def007fa-5fed-4a5f-91a2-b0d7e3db1be1,COBOL,"The techniques and principles of software development, such as analysis, algorithms, coding, testing and compiling of programming paradigms in COBOL."
http://data.europa.eu/esco/skill/df11ab22-3c40-4dc8-ab0c-e9f41e62449e,edit photographs,"Resize, enhance and retouche photographs, using airbrushing, editing software and other techniques."
http://data.europa.eu/esco/skill/df12fd50-55dc-4cfd-a021-818880668789,maintain control systems for automated equipment,"Check, maintain and repair electrical and electronic elements. Check and update software of automated equipment."
http://data.europa.eu/esco/skill/df329d70-87b0-466b-a214-3431f36e2a5e,protect ICT devices,"Protect devices and digital content, and understand risks and threats in digital environments. Know about safety and security measures and have due regard to reliability and privacy. Make use of tools and methods which maximise security of ICT devices and information by controlling access, such as passwords, digital signatures, biometry, and protecting systems such as firewall, antivirus, spam filters."
http://data.europa.eu/esco/skill/dfb31cac-8ec8-4129-84f9-6ba3c59192fa,coining,"The process of shaping metal parts with a high relief or very fine features, such as coins, medals, badges or buttons, by pressing the surface of the metal between two dies."
http://data.europa.eu/esco/skill/dfde5537-022a-4426-ba82-254651ba567a,report call errors,Perform checks to ensure that call data have been entered correctly; report call errors to authorised personnel.
http://data.europa.eu/esco/skill/dfff95c6-9758-4c04-a228-7eaa88dec6cd,design for organisational complexity,"Determine cross-account authentication and access strategy for complex organizations (for example, an organization with varying compliance requirements, multiple business units, and varying scalability requirements). Design networks and multi-account cloud environments for complex organizations."
http://data.europa.eu/esco/skill/e030d25f-29b9-49be-9c03-2ed0d760a85d,answer questions about the train transport service,"Respond to all questions customers may have about the transportation services on a train. The conductor should posses a broad range of knowledge on fares, schedules, train services, passwords or web services, etc."
http://data.europa.eu/esco/skill/e06ec50c-68f9-470f-8dc2-7488109c2dfd,analyse gambling data,"Analyse relevant data points collected during gambling, betting or lottery activities. Process the data to obtain conclusions useful for the efficient running of the betting or lottery operation."
http://data.europa.eu/esco/skill/e0ae0101-ab8f-47a2-938b-ab0cc367b3b5,maintain warehouse database,Keep digital warehouse database up-to-date and multi-accessible.
http://data.europa.eu/esco/skill/e135f4ad-2eed-448c-8f39-beb44238177c,evaluate genetic data,Evaluate genetic data by applying statistical calculations and analysing the results.
http://data.europa.eu/esco/skill/e13b734a-218c-434a-a7cc-febac6d24ef3,call-centre technologies,The wide range of telecommunications hardware and software such as automated phone systems and communication devices.
http://data.europa.eu/esco/skill/e149237d-9e3b-405f-a581-b1e540f376d3,analyse supplier's information on vehicle parts,Analyse information on vehicle parts from suppliers such as wholesalers or importers. Process data in order to improve response to customers' requests.
http://data.europa.eu/esco/skill/e2235528-49c7-40c3-b44e-c5962ec1af85,implement landscaping projects,"Implement soft and hard landscaping works such as paving, retainer walls, pathways or irrigation systems based on already identified sites and according to landscaping plans."
http://data.europa.eu/esco/skill/e23e81f5-18db-49aa-ad9b-b3d0fdcad1d2,troubleshoot website,"Detect the flaws and malfunctions of a website. Apply troubleshooting techniques on content, structure, interface and interactions in order to find the causes and solve the malfunctions."
http://data.europa.eu/esco/skill/e2b82b00-f07f-4fc8-a7bb-c8febf65efe5,compare survey computations,Determine the accuracy of data by comparing computations with applicable standards.
http://data.europa.eu/esco/skill/e2bc1911-c76d-486c-8bec-da86907246b6,manage train working timetable,"Manage the train working timetable that shows every movement on the railway network. Prepare for the arrival and departure of every train, intermediate points, and appropriate passing points."
http://data.europa.eu/esco/skill/e2d0daae-2aa1-40cc-99e2-b340b02f97d3,product data management,"The use of software to track all information concerning a product such as technical specifications, drawings, design specifications, and production costs."
http://data.europa.eu/esco/skill/e2fb1ee4-fbf9-4690-b677-3e6ff7cfdc48,test ICT queries,Assess that developed queries return and execute correct actions and data.
http://data.europa.eu/esco/skill/e36c1f47-3913-4d35-a6ae-fd9a7243483f,design ventilation network,"Draft ventilation network. Prepare and plan the ventilation layout using specialist software. Design heating or cooling systems as required. Improve efficiency of ventilation network to lower energy consumption, including the interplay between a near zero energy building (nZEB), its use, and the right ventilation strategy."
http://data.europa.eu/esco/skill/e3840f20-1928-4d07-944c-d2dd2ae5cbba,evaluate musical ideas,"Experiment with different sound sources, use synthesizers and computer software, permanently explore and evaluate musical ideas and concepts."
http://data.europa.eu/esco/skill/e3fcd642-5f9c-48ee-be58-258dd895d281,collect biological data,"Collect biological specimens, record and summarise biological data for use in technical studies, developing environmental management plans and biological products."
http://data.europa.eu/esco/skill/e402a6d8-0ca8-4230-9bbe-c559a80b7624,provide individual exercise programmes,"Provide a range of exercise programmes in accordance with the needs of the clients by applying principles of exercise programming, and modifying and moderating as necessary to support effective and safe exercising."
http://data.europa.eu/esco/skill/e43084e8-6e3d-4649-93e9-2455ff53bc84,prepare well data sheets,"Prepare data sheets, listing all relevant information on a well, including location, geological properties of the well, type of resources, temperatures and various analyses plotted against the depth."
http://data.europa.eu/esco/skill/e439742d-558d-4f52-885e-afdc740b48cf,"browse, search and filter data, information and digital content","Articulate information needs, search for data, information and content in digital environments, access them and navigate between them. Create and update personal search strategies."
http://data.europa.eu/esco/skill/e46291c7-52b9-4174-bd59-178884861038,Hadoop,"The open-source data storing, analysis and processing framework which consists mainly in the MapReduce and Hadoop distributed file system (HDFS) components and it is used to provide support for managing and analysing large datasets."
http://data.europa.eu/esco/skill/e464363b-8346-421d-9035-52118b76d8c8,computational biology,The interdisciplinary scientific field that focus on employing data analytics and theories to investigate biological systems obtained through experiments.
http://data.europa.eu/esco/skill/e465a154-93f7-4973-9ce1-31659fe16dd2,principles of artificial intelligence,"The artificial intelligence theories, applied principles, architectures and systems, such as intelligent agents, multi-agent systems, expert systems, rule-based systems, neural networks, ontologies and cognition theories."
http://data.europa.eu/esco/skill/e4a3c9af-8a5d-49cc-95bb-b77e41588746,process harvested honey,"Harvest and process honey according to health, safety and biosecurity regulations."
http://data.europa.eu/esco/skill/e4b192b7-ce8a-4107-b580-fce9728d7978,sort cut parts of carcasses inside cooling compartments,"Place the different parts of the carcass resulting from deboning and cutting in cooling rooms. Sort the body parts and follow classifications codes according to the type of meat, part of the carcass, and other considerations in specified containers."
http://data.europa.eu/esco/skill/e566fe34-8b6e-437a-a9fa-eb9236a07a54,perform tests for illegal substances,"Search for traces of illegal substances which are not allowed to be transported from one area to another, in vehicles or on individuals, by the use of certain testing equipment or technologies."
http://data.europa.eu/esco/skill/e5a6e1e0-1b07-4432-83ba-77d593b2cb47,SAS Data Management,"The computer program SAS Data Management is a tool for integration of information from multiple applications, created and maintained by organisations, into one consistent and transparent data structure, developed by the software company SAS."
http://data.europa.eu/esco/skill/e5b5053e-0ef6-4c4e-a3f2-42f955f4322c,implement a firewall,"Download, install and update a network security system designed to prevent unauthorized access to a private network."
http://data.europa.eu/esco/skill/e5beeff8-7c98-490a-ae2c-16fbb6a87305,manage keys for data protection,"Select appropriate authentication and authorization mechanisms. Design, implement and troubleshoot key management and use. Design and implement a data encryption solution for data at rest and data in transit."
http://data.europa.eu/esco/skill/e6b8f934-7f35-4dc6-9a64-f6c43acdc00b,software components suppliers,The suppliers who can deliver the required software components.
http://data.europa.eu/esco/skill/e6d8fc29-3217-45e7-b36e-9abb6d39f5a9,monitor patients during clinical tests,"Plan and monitor the safety of patients during clinical tests, reviewing the medical history and assessing their eligibility criteria. Perform ongoing medical monitoring of subjects enrolled into studies for medication testing."
http://data.europa.eu/esco/skill/e71c6cee-7247-49f4-829a-141c880ae938,advice on security risk management,"Provide advice on security risk management policies and prevention strategies and their implementation, being aware of the different kinds of security risks a specific organisation faces."
http://data.europa.eu/esco/skill/e743a3f3-ba4a-4dab-99a6-6321dba6b502,maintain up-to-date aeronautical information management services,"Maintain up-to-date aeronautical information management (AIM) services such as aeronautical data sets, charts, and publications."
http://data.europa.eu/esco/skill/e79dab00-fe87-48f2-b8cc-f48b68bc7f35,WhiteHat Sentinel,"The computer program WhiteHat Sentinel is a specialised ICT tool which tests security weaknesses of the system for potentially unauthorised access to system information, developed by the software company WhiteHat Security."
http://data.europa.eu/esco/skill/e7f6dd61-5481-40c7-942c-a0b312216f11,reduce business mobility costs,"Apply innovative solutions to reduce expenses linked to the mobility of employees, such as fleet rental, vehicle repair, parking charges, fuel costs, train ticket fees and other hidden mobility costs. Understand the total cost of mobility in order to develop corporate travel policies based on accurate data."
http://data.europa.eu/esco/skill/e80f9e50-71ff-4bb7-8b7d-eb232685d17f,perform water testing procedures,"Conduct testing procedures on water quality, such as pH tests and dissolved solids. Understand instrumentation drawings."
http://data.europa.eu/esco/skill/e819cc1e-09d9-47f2-b418-93972852daef,MarkLogic,"The NoSQL enterprise non-relational database used for creating, updating and managing large amounts of unstructured data stored in the cloud and which provides features such as semantics, flexible data models and Hadoop integration."
http://data.europa.eu/esco/skill/e81d7bed-b7c7-41bf-a30a-e3201e8f09b3,audio mastering,The post-production process where the finished recorded audio is transferred to a data storage device from which it will be copied.
http://data.europa.eu/esco/skill/e87ec79a-c9ff-46f5-84fa-7a0f394cdf40,robotics,"The branch of engineering that involves the design, operation, manufacture, and application of robots. Robotics is part of mechanical engineering, electrical engineering, and computer science and overlaps with mechatronics and automation engineering."
http://data.europa.eu/esco/skill/e8b89eb6-51e8-4c3a-babb-88b2e110376b,Pascal (computer programming),"The techniques and principles of software development, such as analysis, algorithms, coding, testing and compiling of programming paradigms in Pascal."
http://data.europa.eu/esco/skill/e8d9ce55-7bc3-4f09-8412-0a393d4b5b96,compose description for web elements,"Create texts to convey the message of a web element, such as images or frames, even in cases when it cannot be displayed to the user."
http://data.europa.eu/esco/skill/e8f25c61-547e-44c0-abbc-f273fcc449b0,calculate fuel sales from pumps,Calculate daily fuel sales from fuel pumps; read and compare meter data.
http://data.europa.eu/esco/skill/e92f4673-1dec-41ec-b6ec-36fef226359c,provide financial product information,"Give the customer or client information about financial products, the financial market, insurances, loans or other types of financial data."
http://data.europa.eu/esco/skill/e94712c3-6135-4f2d-a169-8b1b0760a741,follow code of ethics for biomedical practices,Deal with complex ethical issues and conflicts in biomedical science by following certain codes of ethics during healthcare practice. Raise ethical awareness amongst fellow workers.
http://data.europa.eu/esco/skill/e9575f7f-053a-439e-8074-f93df3334e92,data ethics,"The subfield of ethics that assess whether data practices are considerable ethical. It assesses processes such as collecting, analysing and disseminating structured and unstructured data that might negatively impact the society."
http://data.europa.eu/esco/skill/e96d625b-8060-4b92-a54f-3c693cbda963,carry out chimney pressure testing,Perform tests to ensure there are no leaks allowing smoke to enter interior surfaces.
http://data.europa.eu/esco/skill/e9ac6d35-0219-44c3-b488-bfd14923d09f,use pattern-cutting softwares,"Use pattern-cutting softwares in order to create templates for the manufacturing of wearing apparel, made-up textile articles, and textile products. Set adequate patterns in softwares for replicability of products taking into account sizes and shapes."
http://data.europa.eu/esco/skill/e9b99d6e-c7ec-4f87-b7b4-b5322733c998,interpret seismic data,Interpret data gathered through seismic survey to visualize the subsurface of the earth.
http://data.europa.eu/esco/skill/e9d1691f-9e80-4108-8bd4-a9cf3c486fea,position engine on test stand,"Position the engine on a stand or in a cell, ready for testing, by using a hoist or overhead crane."
http://data.europa.eu/esco/skill/ea062dd7-92fc-4172-adce-a56694fd8214,recognise signs of wood rot,Check whether a wood element shows signs of rot. Aurally inspect the wood by testing what sound it makes on impact. Check for visual signs of rot.
http://data.europa.eu/esco/skill/ea18b2bc-b0ea-4da8-949e-fe11cb0f7ed7,forensic physics,"The physics involved in crime solving and testing such as ballistics, vehicle collisions, and fluid testing."
http://data.europa.eu/esco/skill/ea412de3-9d7a-4943-8d8c-c6d3c7495d0e,execute integration testing,"Perform testing of system or software components grouped in multiple ways to evaluate their ability to interconnect, their interface and their ability to provide global functionality."
http://data.europa.eu/esco/skill/ea9c2308-cdd0-409f-b512-384a4fd83677,liaise with security authorities,Respond quickly to security incidents and violations by calling the police and keep in touch with other relevant parties involved in the potential prosecution of the offender.
http://data.europa.eu/esco/skill/eabc06f6-2daf-45bb-b525-7fc078e2eadf,design optical prototypes,Design and develop prototypes of optical products and components using technical drawing software.
http://data.europa.eu/esco/skill/eb0e5615-1575-4a86-a1a2-7d39595033c5,ABAP,"The techniques and principles of software development, such as analysis, algorithms, coding, testing and compiling of programming paradigms in ABAP."
http://data.europa.eu/esco/skill/eb13f8c5-8300-4422-a51f-475a7edb09ef,conduct textile testing operations,"Prepare for textile testing and evaluation, gathering the test samples, conducting and recording tests, validating data and presenting results."
http://data.europa.eu/esco/skill/eb275d0d-64bb-49cb-a501-72aff776088f,use session border controller,Manage calls during a given voice over Internet Protocol (VoIP) session and ensure security and quality of service by operating a session border controller (SBC).
http://data.europa.eu/esco/skill/eb3aa8c1-fb14-47b4-a352-b7975abd2480,replicate customer software issues,Use specialised tools to replicate and analyse the conditions that caused the set of software states or outputs reported by the customer in order to provide adequate solutions.
http://data.europa.eu/esco/skill/eb67f129-4a8f-41b7-9abe-25c907392103,manage outsourced security,Oversee and regularly review external security provision.
http://data.europa.eu/esco/skill/ebbf3488-7d1e-4603-b7d4-938d23bc1af1,review construction plans authorisations,Review plans for conformance to codes and authorised approval for construction.
http://data.europa.eu/esco/skill/ec0b765d-e5d5-4ef5-8c05-61fb3cfb0781,narrow web flexographic printing press,"Methods and restrictions of printing on flexographic printing presses, which use narrow width of printing, can achieve high quality, and utilise slowly drying water-based solvents."
http://data.europa.eu/esco/skill/ec5eca8f-8f59-44df-a1bd-47f4846fcfe8,take referred patients,"Take referred patients, including self-referred ones and referrals from other professionals such as teachers, psychologists, therapists and psychiatrists."
http://data.europa.eu/esco/skill/ec7ec825-4d6d-4cd1-9993-a96c479e049e,maintain vehicle electrical equipment,"Maintain and repair electrical equipment, switchboards, electric motors, generators and other electrical and electronic devices used in vehicles. Detect electric malfunctions, locate faults, and take measures to prevent damage. Operate electrical testing and measuring equipment. Interpret electrical and simple electronic diagrams."
http://data.europa.eu/esco/skill/ec85cc63-4e24-4631-bf92-8789db2605c0,maintain database security,Master a wide variety of information security controls in order to pursue maximal database protection.
http://data.europa.eu/esco/skill/ec95d0a4-886e-4eb1-aa4c-2d5f2549df7d,use translation memory software,Facilitate efficient language translation using translation memory software.
http://data.europa.eu/esco/skill/ecc18804-a466-40d9-98b4-fba5cd67dd4b,accounting,The documentation and processing of data regarding financial activities.
http://data.europa.eu/esco/skill/ecc4552a-92c5-4222-b18d-faf5ac841080,deep learning,"The principles, methods and algorithms of deep learning, a subfield of artificial intelligence and machine learning. Common neural networks like perceptrons, feed-forward, backpropagation, and convolutional and recurrent neural networks."
http://data.europa.eu/esco/skill/ed1d8bd4-cd2a-4c64-b665-56d70651026c,Prototyping development,The prototyping development model is a methodology to design software systems and applications.
http://data.europa.eu/esco/skill/ed39edd3-44d0-4a16-9796-bfb99f92baf3,ICT performance analysis methods,"The methods used to analyse software, ICT system and network performance which provide guidance to root causes of issues within information systems. The methods can analyse resource bottlenecks, application times, wait latencies and benchmarking results."
http://data.europa.eu/esco/skill/ed3f3dba-3a35-4ed5-b113-67f4d10ef4c8,scientific research methodology,"The theoretical methodology used in scientific research involving doing background research, constructing an hypothesis, testing it, analysing data and concluding the results."
http://data.europa.eu/esco/skill/ed8de897-adbe-4f0e-b4d2-534953e64c72,integrate system components,Select and use integration techniques and tools to plan and implement integration of hardware and software modules and components in a system.
http://data.europa.eu/esco/skill/eda4d727-4374-49af-ace4-118c7c906835,search engine optimisation,The marketing approach which promotes webpage presentation by affecting the specific structures of the website which impact its visibility in unpaid search results.
http://data.europa.eu/esco/skill/edebd83d-35f6-4ed5-a940-6c203d178c01,data science,The field of study that deals with big amount of data using AI techniques such as machine learning algorithms to predict patterns and obtain useful information to make business decisions.
http://data.europa.eu/esco/skill/edef3251-fd5f-4a5a-bab6-88c17e36a001,ground segment,"The ground-based infrastructure necessary to support the operation of satellites, including the operation of spacecraft in orbit. This includes elements such as ground stations, operation centers, remote terminals, test facilities and ground networks."
http://data.europa.eu/esco/skill/edf081e4-d2dc-4a60-8c49-7b7e45b5ebe3,create risk maps,"Use data visualisation tools in order to communicate the specific financial risks, their nature and impact for an organisation."
http://data.europa.eu/esco/skill/ee3b1553-2dc5-434b-8dcf-4ae3a40b3a48,verify formal ICT specifications,"Check capabilities, correctness and efficiency of intended algorithm or system to match certain formal specifications."
http://data.europa.eu/esco/skill/ee4d0595-5b1e-490d-bd66-5fa3688ec323,quantitative sensory testing,The principles of different available methods and paradigms of quantitative sensory testing for heat sensing thresholds and pain thresholds and the limitations of psychophysical techniques.
http://data.europa.eu/esco/skill/ee6c325b-223e-432f-89c3-a0f135adac9e,create cadastral maps,Create maps using data gathered during surveying and measurement activities and specialised software which outline a region's constructions' and buildings' boundaries.
http://data.europa.eu/esco/skill/eecbbdd5-5c07-41a4-9486-c0373de7fbab,conduct research on fauna,"Collect and analyse data about animal life in order to discover the basic aspects such as origin, anatomy, and function."
http://data.europa.eu/esco/skill/ef18b91e-e917-42f1-a40c-8558b738ab35,decode handwritten texts,"Analyse, understand, and read handwritten texts with different writing styles. Analyse the overall message of texts to ensure coherence in the understanding."
http://data.europa.eu/esco/skill/ef64005d-75bc-4597-8ed6-717edec5e55e,enhance website visibility,"Promote the website to users, business partners and search engines. Optimise the website exposure to search engines, send out emails, determine pricing and policies and conduct marketing actions."
http://data.europa.eu/esco/skill/efe5d94c-2249-4a50-8c44-6e77331c698d,manage theft prevention,Apply theft and robbery prevention; monitor security surveillance equipment; enforce security procedures if needed.
http://data.europa.eu/esco/skill/f0010b93-5552-45cb-ad26-168c8168f319,Nexpose,"The computer program Nexpose is a specialised ICT tool which tests security weaknesses of the system for potentially unauthorised access to system information, developed by the software company Rapid7."
http://data.europa.eu/esco/skill/f0163b63-6794-4eb7-b17b-f91d11b2602d,implement cryptographic constructs,"Implement cryptographic constructs such as hash functions, symmetric-key algorithms, and asymmetric-key algorithms, in the context of specific applications."
http://data.europa.eu/esco/skill/f01e377c-f32b-4ae4-9db6-e788a2aaa086,work independently in landscaping,Perform tasks in landscape management by taking decisions independently. Complete all aspects of landscape design projects without any outside assistance or help.
http://data.europa.eu/esco/skill/f022b5ff-8496-4722-a7a3-ef3c072f01f6,perform clinical coding procedures,Match and record correctly the specific illnesses and treatments of a patient by using a clinical codes classification system.
http://data.europa.eu/esco/skill/f0393af3-bcd9-41af-a36e-0cfb83b60081,manage standard enterprise resource planning system,"Collect, manage and interpret data relevant for companies related to shipping, payment, inventory, resources and manufacturing using specific business management software. Such software as Microsoft Dynamics​, SAP ERP, Oracle ERP."
http://data.europa.eu/esco/skill/f09e70cb-5d8c-4c57-b027-a45127c0bf92,secure sensitive customer's information,Select and apply security measures and regulations related to sensitive customer information with the aim of protecting their privacy.
http://data.europa.eu/esco/skill/f0c94e76-dead-475b-bde7-99d873bd2b7b,security of assets legislation,"The current relevant legislation, regulations and codes of practice in the field of protecting private and public assets."
http://data.europa.eu/esco/skill/f0c987fc-4d50-4f74-ac5f-4b970c6bd2e9,install concrete pumps,"Position the truck or trailer at the desired location, adjust support legs for stability, attach the hoses to the outlet of the machine, if necessary, or install the robotic arm, and set up the pumps. In the case of electric pumps, connect them to the network. Take different factors into account such as the presence of a slope and the soil bearing capacity."
http://data.europa.eu/esco/skill/f0de4973-0a70-4644-8fd4-3a97080476f4,DevOps,The DevOps development approach is a methodology to design software systems and applications focused on the collaboration and between software programmers and other ICT professionals and automation.
http://data.europa.eu/esco/skill/f0f2da78-ef60-4653-b2c8-ff0a7a9ea2f8,instruct library users in digital literacy,"Teach library visitors basic computer skills, such as searching digital databases."
http://data.europa.eu/esco/skill/f0f5bb34-71df-4715-9c9e-03567b76ec8f,create website wireframe,"Develop an image or set of images that display the functional elements of a website or page, typically used for planning a website's functionality and structure."
http://data.europa.eu/esco/skill/f10142ce-d522-49c3-9fd1-054fb63529d4,develop test procedures,"Develop testing protocols to enable a variety of analyses of products, systems, and components."
http://data.europa.eu/esco/skill/f1302b71-c672-4c9a-9491-1b39a20b2c75,carry out security activities with a dog,Using specially trained dogs to search specific areas or surveil properties in order to detect threats or individuals.
http://data.europa.eu/esco/skill/f22dd07b-cb0f-4b18-ba54-d922dfaa8c14,use CAD for lasts,"Be able to digitise and scan the lasts. Work with various 2D and 3D CAD systems and use the software to adopt and transform the shape of the lasts according to dimensional requirements of the customer. Making 2D templates for controlling the shape of the new last. Produce technical drawing and prepare technical specification sheets for manufacturing. Grade the last. Export the files of the virtual model to 3D printers, CAM or CNC systems."
http://data.europa.eu/esco/skill/f23ced50-862a-49d8-b7f6-a5c4bd6b49af,prepare survey report,Gather the analysed data from the survey and write a detailed report on the outcome of the survey.
http://data.europa.eu/esco/skill/f2412a5c-8072-4cd7-8fa1-806864f91276,by-products,"Concepts of by-product and waste. Types of waste and European waste codes industries. Solutions for by-products and wastes recovery, reuse and recycling across different sectors."
http://data.europa.eu/esco/skill/f256f3fb-bb26-4d2c-99f2-7f99b68076fd,design scientific equipment,Design new equipment or adapt existing equipment to aid scientists in gathering and analysing data and samples.
http://data.europa.eu/esco/skill/f26f7a48-c0de-4f86-b319-ef1770350d66,monitor fermentation,"Supervise and control fermentation. Monitor the settling of juice and the fermentation of raw material. Control the progress of the fermentation process to meet specifications. Measure, test and interpret fermentation process and quality data according to specification."
http://data.europa.eu/esco/skill/f2741507-c5f7-45b6-8bcd-8d0d27650d68,explain characteristics of computer peripheral equipment,"Explain to customers the features of computers and peripheral computer equipment; inform customers on memory capacity, processing speed, data input, performance, etc."
http://data.europa.eu/esco/skill/f28617ad-afdd-4041-814c-216153a38998,analyse software specifications,"Assess the specifications of a software product or system to be developed by identifying functional and non-functional requirements, constraints and possible sets of use cases which illustrate interactions between the software and its users."
http://data.europa.eu/esco/skill/f28c3e9b-8666-48d4-a5e4-542ac193879b,advise on social security benefits,"Advise citizens on government-regulated benefits they are eligible for, such as unemployment benefits, family benefits, and other social security benefits."
http://data.europa.eu/esco/skill/f2a34d6b-131a-4b8f-a110-898b9c91d18f,forecast economic trends,Gather and analyse economic data in order to predict economic trends and events.
http://data.europa.eu/esco/skill/f2aeb587-32fc-4a2c-af4c-07fbb82f7287,ensure store security,Implement and monitor security measures within the store; be vigilant about shoplifters and fraudulent use of credit cards.
http://data.europa.eu/esco/skill/f2c26cd0-f823-4549-a418-f84d23131308,THC Hydra,The package THC Hydra is a parallelized login cracker which tests security weaknesses of the systems' protocols for potentially unauthorised access to system information. The main features include network logon cracker and passwords reading and printing.
http://data.europa.eu/esco/skill/f2d57f41-43b4-4f5b-8100-3df5c21eda50,process data,"Enter information into a data storage and data retrieval system via processes such as scanning, manual keying or electronic data transfer in order to process large amounts of data."
http://data.europa.eu/esco/skill/f2df64d4-1dd2-47d4-b96c-d553f2523933,conduct chemical testing on basic metals,Perform examinations and tests on all kinds of metals in order to ensure high quality and chemical resistance.
http://data.europa.eu/esco/skill/f36fb0bd-21d5-4347-b484-69c735f4e700,OmniPage,"The computer program OmniPage is software that electronically converts printed and typed images into machine-encoded text so that documents can be electronically stored, edited and digitally displayed."
http://data.europa.eu/esco/skill/f399a9c1-be41-4117-bf86-a64b503c4cfd,supervise data entry,"Supervise the entry of information such as addresses or names in a data storage and retrieval system via manual keying, electronic data transfer or by scanning."
http://data.europa.eu/esco/skill/f39ea734-faef-48a7-9544-14e691aed6ab,set up media storage,"Set up and configure media storage and access systems and related redundancy and backup systems to ensure maximum data safety, maximum accessibility and low latency of the used media."
http://data.europa.eu/esco/skill/f3a313b1-315b-490c-8f4c-35e8d2d07e3e,national road network,"The national road transport network with its routes, restrictions, congestion areas, and regulations."
http://data.europa.eu/esco/skill/f40da95c-febe-406c-96aa-2d6d9c09a0a3,convert different audiovisual formats,Use specialised software to convert data from one audio and/or video format to another.
http://data.europa.eu/esco/skill/f41d4cd2-58ed-4ad6-b9c1-a5175c88d392,manage facilities services,"Handle a range of services such as catering, cleaning, maintenance or security, according to the priorities and needs of the client. Manage all contractors that deliver facilities management services and ensure they are delivered on time and according to the highest quality standards."
http://data.europa.eu/esco/skill/f4229545-9cd3-4abf-ac7b-744040a7a61b,use milk control software,Efficiently use milk testing software and interpret the results correctly.
http://data.europa.eu/esco/skill/f4346299-e22a-4686-8e61-2c9b0cd51c7d,apply digital security measures,Follow simple ways to protect digital devices and content.
http://data.europa.eu/esco/skill/f46220aa-ad70-4c18-99dc-cb978f2850d2,calculate exposure to radiation,"Calculate radiation data about procedures, such as length and intensity of exposure."
http://data.europa.eu/esco/skill/f47a1998-0beb-43be-9f46-380aa4d183da,Jenkins (tools for software configuration management),"The tool Jenkins is a software program to perform configuration identification, control, status accounting and audit of software during its development and maintenance."
http://data.europa.eu/esco/skill/f49df8e2-f451-49aa-9aa9-b21b2afdbb87,biosecurity,"Be aware of the general principles of the concept of bio-security and in particular, the disease prevention rules to be implemented in case of epidemics endangering public health."
http://data.europa.eu/esco/skill/f4a6e9f7-5cff-46c0-894c-59c20bb78694,automation technology,"Set of technologies that make a process, system, or apparatus operate automatically through the use of control systems."
http://data.europa.eu/esco/skill/f4a85869-1855-45d5-a43c-7ee8cd451996,perform ICT security testing,"Execute types of security testing, such as network penetration testing, wireless testing, code reviews, wireless and/or firewall assessments in accordance with industry-accepted methods and protocols to identify and analyse potential vulnerabilities."
http://data.europa.eu/esco/skill/f4aeba43-dab5-47fa-89ba-f957ecc86657,level earth surface,"Change the profile of the earth surface, turning it flat or shaping it to match a certain slope. Remove irregularities such as knolls, pits and ditches."
http://data.europa.eu/esco/skill/f4cd5ece-c0e2-42d7-83ef-2008fe0d7cb6,operate flexographic printing machine,Prepare and adjust all units of flexographic web presses and tend the development line.
http://data.europa.eu/esco/skill/f4cd7802-123a-4bd5-9bfa-bf915a04e969,public offering,"The elements comprised in public offerings of companies in the stock market such as determining the initial public offering (IPO), the type of security, and the timing to launch it in the market."
http://data.europa.eu/esco/skill/f5019d58-1f9a-4c1d-9a68-6ed7b8ec3eca,study human societies,"Gather and analyse data in order to examine how humans respond to change, how power systems come into place, how cultural movements arise, etc."
http://data.europa.eu/esco/skill/f504dee7-f68d-4d1b-8707-cda82f0f1d6c,work to develop physical ability to perform at the highest level in sport,"Identify the necessary level of fitness, understand the nutritional strategy and work with coaching/supporting team (e.g. coaches, physiotherapist, nutritionist, psychologist) to implement an adapted medical, physical and nutritional programme to achieve the targeted highest level performance."
http://data.europa.eu/esco/skill/f5369f2f-e52b-43d8-8d31-79a6c11188d8,digital content creation,"Create and edit new content (from word processing to images and video); integrate and re-elaborate previous knowledge and content; produce creative expressions, media outputs and programming; deal with and apply intellectual property rights and licences."
http://data.europa.eu/esco/skill/f597f772-24d3-4cec-813c-cf5a7027c794,N1QL,The computer language N1QL is a query language for retrieval of information from a database and of documents containing the needed information. It is developed by the software company Couchbase.
http://data.europa.eu/esco/skill/f5ac9226-0ace-4d34-a1c3-7b3845834a98,maintain ICT server,"Diagnose and eliminate hardware faults via repair or replacement. Take preventive measures, review performance, update software, review accessibility."
http://data.europa.eu/esco/skill/f5b33464-4df9-4cf3-b468-b0a2d6b3ee85,operate 3D computer graphics software,"Use graphical ICT tools, such as Autodesk Maya, Blender which enable digital editing, modelling, rendering and composition of graphics. These tools are based in mathematical representation of three-dimensional objects."
http://data.europa.eu/esco/skill/f5f5b244-6cea-4fbc-8a50-8f712791bc09,follow company standards,Lead and manage according to the organisation's code of conduct.
http://data.europa.eu/esco/skill/f6068fdb-8033-48ee-9444-5cbd2b40ba64,apply credit stress testing methodologies,Use several approaches and credit stress test methodologies. Determine and analyse which reactions to different financial situations or sudden changes can have an impact on the whole economy.
http://data.europa.eu/esco/skill/f6100198-9398-4c31-9003-d976c37d5022,monitor security measures,"Oversee and control the implementation of prevention, security, and surveillance measures in order to assess their effectiveness and to make adjustments in case of unsatisfactory results."
http://data.europa.eu/esco/skill/f632251a-4078-4546-b19f-7ef528d08325,use IT tools,"Application of computers, computer networks and other information technologies and equipment to storing, retrieving, transmitting and manipulating data, in the context of a business or enterprise."
http://data.europa.eu/esco/skill/f6424ebb-8401-446b-9f7e-10d7c854da02,ICT network simulation,The methods and tools which enable modelling of the ICT network behaviour by calculating the data exchange among entities or capturing and reproducing characteristics from a functioning network.
http://data.europa.eu/esco/skill/f683ae1d-cb7c-4aa1-b9fe-205e1bd23535,use microsoft office,"Use the standard programs contained in Microsoft Office. Create a document and do basic formatting, insert page breaks, create headers or footers, and insert graphics, create automatically generated tables of contents and merge form letters from a database of addresses. Create auto-calculating spreadsheets, create images, and sort and filter data tables."
http://data.europa.eu/esco/skill/f6868852-9bf6-4899-a5d6-5f9532fb877d,design component interfaces,Use methods and tools to design and program interfaces of software and system components.
http://data.europa.eu/esco/skill/f69722f4-7e34-4aaa-ba5a-7bf621421085,international security studies,"The field of study that examine the origin, the actions and the termination of conflicts."
http://data.europa.eu/esco/skill/f69d330a-c343-433f-9532-fed6b8654b0e,analyse potential threats against national security,Analyse the possibilities of potential threats and actions taken against national security in order to develop preventive measures and aid with the development of military tactics and operations.
http://data.europa.eu/esco/skill/f6a90f59-5a07-4088-b318-e486a42ca58c,evidence-based approach in general practice,"The general principles, methods and concepts of scientific research and the fundamentals of statistics in medical care. The scientific background of pathology and theories about the forming of hypotheses and problem-solving."
http://data.europa.eu/esco/skill/f6d294f4-db62-4fc5-a7b8-778e5071c112,carry out forum moderation,"Supervise communication activity on a web forum and other discussion platforms by assessing if the content adheres to forum regulations, enforcing rules of conduct, and ensuring the forum remains free of illegal material and conflict."
http://data.europa.eu/esco/skill/f6fcc895-3dfc-4b00-bb83-348e3c9c72e1,interpret data in food manufacturing,"Interpret data from different sources, like market data, scientific papers, and customers requirements in order to research development and innovation in food sector."
http://data.europa.eu/esco/skill/f7091334-10da-4ad6-b74a-8528a01a03f4,expand the network of providers,Broaden range of services to clients by seeking opportunities and proposing new local service providers.
http://data.europa.eu/esco/skill/f7b071bf-4882-4cfc-ae0a-7e0e0ab94c61,conduct research across disciplines,Work and use research findings and data across disciplinary and/or functional boundaries.
http://data.europa.eu/esco/skill/f7e2eb04-3e50-4561-bce1-7e51a1fec308,define software architecture,"Create and document the structure of software products including components, coupling and interfaces. Ensure feasibility, functionality and compatibility with existing platforms."
http://data.europa.eu/esco/skill/f83c245f-4aa9-484f-8fd2-4ad65dd82ae5,practice vigilance,"Practice vigilance during patrol or other surveillance activities in order to ensure safety and security, to look out for suspicious behaviour or other alarming changes in patterns or activities, and to respond quickly to these changes."
http://data.europa.eu/esco/skill/f84a433f-34f1-4083-b0a3-24802623509c,web services,XML-based information systems that allows for direct interactions between applications through Internet. It is a set of protocols for transferring data between applications and systems.
http://data.europa.eu/esco/skill/f879a418-3e81-4216-9533-aaedce55fa97,ensure accuracy of aeronautical data,"Ensure the accuracy of published aeronautical information, e.g. landing charts and radio navigational aids."
http://data.europa.eu/esco/skill/f88002a8-6355-4d33-9496-285c166ff375,ICT power consumption,The energy consumption and types of models of software as well as hardware elements.
http://data.europa.eu/esco/skill/f8bf9a84-d60b-4edc-bfa0-b0ece9bf8954,create documented procedures,Create and document procedures and metadata definitions.
http://data.europa.eu/esco/skill/f8e3425c-fe44-4ffb-bafe-0e20d91dadf4,SAP Data Services,"The computer program SAP Data Services is a tool for integration of information from multiple applications, created and maintained by organisations, into one consistent and transparent data structure, developed by the software company SAP."
http://data.europa.eu/esco/skill/f8f1f725-0105-41fa-9887-4df9e7a7af1e,manage email hosting service,"Oversee the day-to-day running of a private email platform by maintaining and refining provided services, such as spam and virus protection, blocking advertisement, website redesigns and search engine optimisation."
http://data.europa.eu/esco/skill/f95e5adc-72e0-4360-85b9-b302a909952b,retain record samples,Retain record samples for eventual audio testing.
http://data.europa.eu/esco/skill/f9670490-8aa4-4540-b121-d440a8294aab,develop data processing applications,Create a customised software for processing data by selecting and using the appropriate computer programming language in order for an ICT system to produce demanded output based on expected input.
http://data.europa.eu/esco/skill/f96f5aa5-6ed7-40dc-a431-68b0a09d6d4b,design automation components,"Design engineering parts, assemblies, products, or systems that contribute to the automation of industrial machines."
http://data.europa.eu/esco/skill/f9738fc9-4d67-43e8-bfda-954123e34d42,coordinate security,"Organise the personal, technical and organizational security requirements."
http://data.europa.eu/esco/skill/f9da1ca4-40f4-483a-92e6-0a0c6d078638,use fleet management system,"Use a fleet management software to coordinate and organise the company vehicles from a central point. The software includes several functions such as driver management, vehicle maintenance, vehicle tracking and diagnostics, vehicle financing, speed management, fuel and fitness management, and safety management."
http://data.europa.eu/esco/skill/f9e42732-d143-465d-bc9e-b27758537725,set safety and security standards,Determine standards and procedures to ensure safety and security in an establishment.
http://data.europa.eu/esco/skill/f9e788df-d68a-4f92-92c7-80e135fc35ff,ICT networking hardware,"The ICT network equipment or computer networking devices, such as UPS systems, electrical systems, networking facilities and structured cabling systems."
http://data.europa.eu/esco/skill/f9f6559c-029a-4586-ab68-02cbc1632b67,carry out flow cytometry,"Integrate and interpret data generated from flow cytometry histograms into the diagnostic, such as diagnose malignant lymphoma, using flow cytometry technology."
http://data.europa.eu/esco/skill/fa3e5cec-703e-4d46-b3bb-e8a89540ab54,manage digital archives,"Create and maintain computer archives and databases, incorporating latest developments in electronic information storage technology."
http://data.europa.eu/esco/skill/fa41dd03-398e-4f86-8e4d-e49742331e51,create a flight plan,"Develop a flight plan which details the flight altitude, route to be followed ,and amount of fuel required using different sources of information (weather reports and other data from air traffic control)."
http://data.europa.eu/esco/skill/fac6dbca-0d38-48a0-a255-d2beea8156d6,prevent marine pollution,Conduct inspections and take measures in order to prevent or mitigate marine pollution. Adhere to international codes and resolutions.
http://data.europa.eu/esco/skill/fae27053-8924-4bfd-b565-c9fe502044c9,system design,"The process of defining the architecture for different components and modules of a system, as well as the relevant data, for satisfying specific requirements."
http://data.europa.eu/esco/skill/fae7e545-5114-43cc-8e83-178e2549ecb9,building information modelling,"A software platform for integrated design, modelling, planning, and collaboration, which provides a digital representation of a building's characteristics in its whole lifecycle."
http://data.europa.eu/esco/skill/fb19c282-6bc6-4f63-b443-bbd8df5ba059,supervise security at manned access gates,Ensure that surveillance operations undertaken at manned access gates are carried out as effectively as possible.
http://data.europa.eu/esco/skill/fb7aee4d-f6c6-4a87-8e9d-8e542b3771f8,software metrics,The metrics that measure a characteristic of the software system in order to determine the development of the software and evaluate it.
http://data.europa.eu/esco/skill/fba47924-b6ff-4be1-b35d-a8142a86e3f2,draw up artistic programming policy,"Formulate ideas, possible plans and concepts concerning the artistic policy in the medium and short term. More specifically, focus on the season programming in order to contribute to the development of a coherent, high quality and realistic policy by the artistic direction."
http://data.europa.eu/esco/skill/fbafa41f-cd05-4109-a649-8b44d306d779,create data models,"Use specific techniques and methodologies to analyse the data requirements of an organisation's business processes in order to create models for these data, such as conceptual, logical and physical models. These models have a specific structure and format."
http://data.europa.eu/esco/skill/fbbcb9ab-4b95-4e57-a756-30d08b7da7a5,maintain ICT system,Select and apply system and network monitoring techniques. Identify and fix operational problems. Ensure that system's capabilities and efficiency match company specifications.
http://data.europa.eu/esco/skill/fbce0748-1e9e-4ac6-b7e9-37901bd9b27b,develop an artistic network,Generate awareness of a show or event through public relations initiatives. Develop a network of music industry contacts to spread the word about upcoming shows.
http://data.europa.eu/esco/skill/fc6cddab-c9ce-4ce6-83ac-32b6854dd6da,install electronic communication devices on trains,"Install, adjust, and test electronic communication equipment, which includes sound, security, navigation, and surveillance systems."
http://data.europa.eu/esco/skill/fc94266b-322d-4f1d-87a0-03f999e72344,blockchain mining principles,"Essential blockchain and cryptocurrency mining types and principles include ASIC mining, GPU mining, CPU mining, Cloud mining, and Mining pools."
http://data.europa.eu/esco/skill/fca5849d-f92a-4a1b-a8c1-af6836200caf,conduct security screenings,Monitor human flow through the screening checkpoint and facilitate the orderly and efficient processing of people; inspect luggage and handbags following screening procedures.
http://data.europa.eu/esco/skill/fcbb3a90-cdde-49ff-9ecc-8e2c0a6dfca2,collect cyber defence data,"Collect data for cyber defence using various data collection tools. Data may be gathered from a number of internal or external sources such as online trade records, DNS request logs, email servers' logs, digital communications packet capturing, deep web resources, etc."
http://data.europa.eu/esco/skill/fcffe2a5-6253-4848-92e7-749304aca647,develop innovative mobility solutions,Work on innovative ideas to develop transport solutions based on the integration of digital technologies and data management and promoting the shift from personally-owned transport to on-demand and shared mobility services.
http://data.europa.eu/esco/skill/fd02e17b-05ea-4449-963d-95273199159d,formulate a treatment plan,Formulate a treatment plan and evaluation (analysis) based on collected data following assessment using a clinical reasoning process.
http://data.europa.eu/esco/skill/fd04fd5e-3573-4f50-b845-32fa2422991b,kinanthropometry,"The study that links human anatomy to movement by investigating factors that include body size, shape, and composition. It is this application of biological data that shows how movement is influenced."
http://data.europa.eu/esco/skill/fd311456-d8d2-43ca-b6be-a66bbff90302,handle tasks independently,"Handle inquiries or information independently with little or no supervision. Depend on one's self to communicate with others and perform daily tasks such as working with data, creating reports, or using software."
http://data.europa.eu/esco/skill/fd33c66c-70c4-40e6-b87c-5495bd3bf26e,design user interface,"Create software or device components which enable interaction between humans and systems or machines, using appropriate techniques, languages and tools so as to streamline interaction while using the system or machine."
http://data.europa.eu/esco/skill/fd60eb61-262e-4719-bb5c-e5ff4b531ae8,monitor the use of kitchen equipment,"Oversee correct use of kitchen equipment, such as knives, colour coded chopping boards, buckets and cloths."
http://data.europa.eu/esco/skill/fd6d2981-3d4a-4ce2-9741-cfc98c5b74bd,implement data warehousing techniques,"Apply models and tools such as online analytical processing (OLAP) and Online transaction processing (OLTP), to integrate structured or unstructured data from sources, in order to create a central depository of historical and current data."
http://data.europa.eu/esco/skill/fd79b3c4-e264-41b5-bada-49ba5f317588,use barcode scanning equipment,Track the inventory by operating barcode scanning devices.
http://data.europa.eu/esco/skill/fd88851f-4d1d-4de8-aee1-4464c3012969,provide career counselling,"Advise beneficiaries on future career options through counselling and, potentially, through career testing and evaluation."
http://data.europa.eu/esco/skill/fda917eb-0d6a-4371-8c93-2a10bf950966,manage ICT semantic integration,"Oversee integration of public or internal databases and other data, by using semantic technologies to produce structured semantic output."
http://data.europa.eu/esco/skill/fdc388ba-c8f4-4455-a55f-ffdf29b05f5f,use agricultural information systems and databases,"Use relevant information systems and databases to plan, manage and operate agricultural enterprise and production."
http://data.europa.eu/esco/skill/fdf15b35-9028-4acb-bfd2-43f00a015cd9,use personal organization software,"Use software tools, such as calendars, to-do lists, time-tracking, contact lists, to help in managing personal efficiency."
http://data.europa.eu/esco/skill/fdfa3dcb-b8f0-454f-a659-64c66dc6b6a2,fibre optics,"The technology which utilises optical fibre, such as plastic or glass threads, to transmit data. Optical fibres are able to transmit light between the two ends of the fibre and may transfer images and messages modulated onto light waves. Fibre optic cables have increased in popularity because of their possibility to transfer data over long distances at higher bandwidths and with lesser amounts of interference than metal cables."
http://data.europa.eu/esco/skill/fe1c2b32-7fe9-4668-affa-07ff658a68cf,identify ICT security risks,"Apply methods and techniques to identify potential security threats, security breaches and risk factors using ICT tools for surveying ICT systems, analysing risks, vulnerabilities and threats and evaluating contingency plans."
http://data.europa.eu/esco/skill/fe39d4db-4cb5-4299-bb9f-896c8fd6ab13,perform market research,"Gather, assess and represent data about target market and customers in order to facilitate strategic development and feasibility studies. Identify market trends."
http://data.europa.eu/esco/skill/fe46bdb0-991b-46d8-9391-090793af942e,create a prevention security plan for the store,"Design a security plan for the establishment, according to its specifications and security needs in order to prevent any shoplifting or other security threats."
http://data.europa.eu/esco/skill/feb717ff-fba6-4a91-aa10-ee11cf2da6b4,design electronic systems,"Draft sketches and design electronic systems, products, and components using Computer Aided Design (CAD) software and equipment. Make a simulation so that an assessment can be made of the viability of the product and so the physical parameters can be examined before the actual building of the product."
http://data.europa.eu/esco/skill/fecf8a0d-62c4-4e71-9b03-0f4fc2ad7bf5,data models,"The techniques and existing systems used for structuring data elements and showing relationships between them, as well as methods for interpreting the data structures and relationships."
http://data.europa.eu/esco/skill/fef18610-c8ca-431b-9ca8-d3d0cdffde72,use internet chat,"Chat online using dedicated chat websites, messenger applications or social media websites."
http://data.europa.eu/esco/skill/ff25cbf0-6978-4c4c-887e-d4b185410d74,perform software recovery testing,Execute testing using specialised software tools to force failure of software in a variety of ways and checking how fast and better the software can recover against any type of crash or failure.
http://data.europa.eu/esco/skill/ff6df6fd-f725-4b5a-a47d-54337fbc763f,rope lashing,"The process of attaching several objects, such as poles, together by use of rope, wire, or webbing often to secure or create a rigid structure, such as a self-fashioned table, tree house, or latrine. Types of lashing include square lashing, round lashing, and diagonal lashing."
http://data.europa.eu/esco/skill/ffdd5e53-7191-4043-ae0e-eea1bb077080,model sensor,"Model and simulate sensors, products using sensors, and sensor components using technical design software. This way the viability of the product can be assessed and the physical parameters can be examined before the actual building of the product."
http://data.europa.eu/esco/skill/ffddfc7c-a9dd-449f-9e96-882dc447c8b6,Scala,"The techniques and principles of software development, such as analysis, algorithms, coding, testing and compiling of programming paradigms in Scala."
